Sprite,Dex#,Species ID,Form,Name,Form Name,Type 1,Type 2,HP,Attack,Defense,Sp. Atk,Sp. Def,Speed,BST,Showdown ID,Sprite URL
=IMAGE(Q2),1,BULBASAUR,0,Bulbasaur,-,Grass,Poison,45,49,49,65,65,45,318,bulbasaur,https://play.pokemonshowdown.com/sprites/gen5/bulbasaur.png
=IMAGE(Q3),2,IVYSAUR,0,Ivysaur,-,Grass,Poison,60,62,63,80,80,60,405,ivysaur,https://play.pokemonshowdown.com/sprites/gen5/ivysaur.png
=IMAGE(Q4),3,VENUSAUR,0,Venusaur,-,Grass,Poison,80,82,83,100,100,80,525,venusaur,https://play.pokemonshowdown.com/sprites/gen5/venusaur.png
=IMAGE(Q5),3,VENUSAUR,1,Venusaur (Mega Venusaur),Mega Venusaur,Grass,Poison,80,100,123,122,120,80,625,venusaur-mega,https://play.pokemonshowdown.com/sprites/gen5/venusaur-mega.png
=IMAGE(Q6),4,CHARMANDER,0,Charmander,-,Fire,,39,52,43,60,50,65,309,charmander,https://play.pokemonshowdown.com/sprites/gen5/charmander.png
=IMAGE(Q7),5,CHARMELEON,0,Charmeleon,-,Fire,,58,64,58,80,65,80,405,charmeleon,https://play.pokemonshowdown.com/sprites/gen5/charmeleon.png
=IMAGE(Q8),6,CHARIZARD,0,Charizard,-,Fire,Flying,78,84,78,109,85,100,534,charizard,https://play.pokemonshowdown.com/sprites/gen5/charizard.png
=IMAGE(Q9),6,CHARIZARD,1,Charizard (Mega Charizard X),Mega Charizard X,Fire,Dragon,78,130,111,130,85,100,634,charizard-megax,https://play.pokemonshowdown.com/sprites/gen5/charizard-megax.png
=IMAGE(Q10),6,CHARIZARD,2,Charizard (Mega Charizard Y),Mega Charizard Y,Fire,Flying,78,104,78,159,115,100,634,charizard-megay,https://play.pokemonshowdown.com/sprites/gen5/charizard-megay.png
=IMAGE(Q11),7,SQUIRTLE,0,Squirtle,-,Water,,44,48,65,50,64,43,314,squirtle,https://play.pokemonshowdown.com/sprites/gen5/squirtle.png
=IMAGE(Q12),8,WARTORTLE,0,Wartortle,-,Water,,59,63,80,65,80,58,405,wartortle,https://play.pokemonshowdown.com/sprites/gen5/wartortle.png
=IMAGE(Q13),9,BLASTOISE,0,Blastoise,-,Water,,79,83,100,85,105,78,530,blastoise,https://play.pokemonshowdown.com/sprites/gen5/blastoise.png
=IMAGE(Q14),9,BLASTOISE,1,Blastoise (Mega Blastoise),Mega Blastoise,Water,,79,103,120,135,115,78,630,blastoise-mega,https://play.pokemonshowdown.com/sprites/gen5/blastoise-mega.png
=IMAGE(Q15),10,CATERPIE,0,Caterpie,-,Bug,,45,30,35,20,20,45,195,caterpie,https://play.pokemonshowdown.com/sprites/gen5/caterpie.png
=IMAGE(Q16),11,METAPOD,0,Metapod,-,Bug,,50,20,55,25,25,30,205,metapod,https://play.pokemonshowdown.com/sprites/gen5/metapod.png
=IMAGE(Q17),12,BUTTERFREE,0,Butterfree,-,Bug,Flying,60,45,50,90,80,70,395,butterfree,https://play.pokemonshowdown.com/sprites/gen5/butterfree.png
=IMAGE(Q18),13,WEEDLE,0,Weedle,-,Bug,Poison,40,35,30,20,20,50,195,weedle,https://play.pokemonshowdown.com/sprites/gen5/weedle.png
=IMAGE(Q19),14,KAKUNA,0,Kakuna,-,Bug,Poison,45,25,50,25,25,35,205,kakuna,https://play.pokemonshowdown.com/sprites/gen5/kakuna.png
=IMAGE(Q20),15,BEEDRILL,0,Beedrill,-,Bug,Poison,65,90,40,45,80,75,395,beedrill,https://play.pokemonshowdown.com/sprites/gen5/beedrill.png
=IMAGE(Q21),15,BEEDRILL,1,Beedrill (Mega Beedrill),Mega Beedrill,Bug,Poison,65,150,40,15,80,145,495,beedrill-mega,https://play.pokemonshowdown.com/sprites/gen5/beedrill-mega.png
=IMAGE(Q22),16,PIDGEY,0,Pidgey,-,Normal,Flying,40,45,40,35,35,56,251,pidgey,https://play.pokemonshowdown.com/sprites/gen5/pidgey.png
=IMAGE(Q23),17,PIDGEOTTO,0,Pidgeotto,-,Normal,Flying,63,60,55,50,50,71,349,pidgeotto,https://play.pokemonshowdown.com/sprites/gen5/pidgeotto.png
=IMAGE(Q24),18,PIDGEOT,0,Pidgeot,-,Normal,Flying,83,80,75,70,70,101,479,pidgeot,https://play.pokemonshowdown.com/sprites/gen5/pidgeot.png
=IMAGE(Q25),18,PIDGEOT,1,Pidgeot (Mega Pidgeot),Mega Pidgeot,Normal,Flying,83,80,80,135,80,121,579,pidgeot-mega,https://play.pokemonshowdown.com/sprites/gen5/pidgeot-mega.png
=IMAGE(Q26),19,RATTATA,0,Rattata,-,Normal,,30,56,35,25,35,72,253,rattata,https://play.pokemonshowdown.com/sprites/gen5/rattata.png
=IMAGE(Q27),19,RATTATA,1,Rattata (Alolan),Alolan,Dark,Normal,30,56,35,25,35,72,253,rattata-alola,https://play.pokemonshowdown.com/sprites/gen5/rattata-alola.png
=IMAGE(Q28),20,RATICATE,0,Raticate,-,Normal,,55,81,60,50,70,97,413,raticate,https://play.pokemonshowdown.com/sprites/gen5/raticate.png
=IMAGE(Q29),20,RATICATE,1,Raticate (Alolan),Alolan,Dark,Normal,75,71,70,40,80,77,413,raticate-alola,https://play.pokemonshowdown.com/sprites/gen5/raticate-alola.png
=IMAGE(Q30),21,SPEAROW,0,Spearow,-,Normal,Flying,40,60,30,31,31,70,262,spearow,https://play.pokemonshowdown.com/sprites/gen5/spearow.png
=IMAGE(Q31),22,FEAROW,0,Fearow,-,Normal,Flying,65,90,65,61,61,100,442,fearow,https://play.pokemonshowdown.com/sprites/gen5/fearow.png
=IMAGE(Q32),23,EKANS,0,Ekans,-,Poison,,35,60,44,40,54,55,288,ekans,https://play.pokemonshowdown.com/sprites/gen5/ekans.png
=IMAGE(Q33),24,ARBOK,0,Arbok,-,Poison,,60,95,69,65,79,80,448,arbok,https://play.pokemonshowdown.com/sprites/gen5/arbok.png
=IMAGE(Q34),25,PIKACHU,0,Pikachu,-,Electric,,35,55,40,50,50,90,320,pikachu,https://play.pokemonshowdown.com/sprites/gen5/pikachu.png
=IMAGE(Q35),26,RAICHU,0,Raichu,-,Electric,,60,90,55,90,80,110,485,raichu,https://play.pokemonshowdown.com/sprites/gen5/raichu.png
=IMAGE(Q36),26,RAICHU,1,Raichu (Alolan),Alolan,Electric,Psychic,60,85,50,95,85,110,485,raichu-alola,https://play.pokemonshowdown.com/sprites/gen5/raichu-alola.png
=IMAGE(Q37),26,RAICHU,2,Raichu (Mega Raichu X),Mega Raichu X,Electric,,60,135,95,90,95,110,585,raichu-megax,https://play.pokemonshowdown.com/sprites/gen5/raichu-megax.png
=IMAGE(Q38),26,RAICHU,3,Raichu (Mega Raichu Y),Mega Raichu Y,Electric,,60,100,55,160,80,130,585,raichu-megay,https://play.pokemonshowdown.com/sprites/gen5/raichu-megay.png
=IMAGE(Q39),27,SANDSHREW,0,Sandshrew,-,Ground,,50,75,85,20,30,40,300,sandshrew,https://play.pokemonshowdown.com/sprites/gen5/sandshrew.png
=IMAGE(Q40),27,SANDSHREW,1,Sandshrew (Alolan),Alolan,Ice,Steel,50,75,90,10,35,40,300,sandshrew-alola,https://play.pokemonshowdown.com/sprites/gen5/sandshrew-alola.png
=IMAGE(Q41),28,SANDSLASH,0,Nidoran♀,-,Poison,,55,47,52,40,40,41,275,sandslash,https://play.pokemonshowdown.com/sprites/gen5/sandslash.png
=IMAGE(Q42),28,SANDSLASH,1,Nidoran♀ (Alolan),Alolan,Ice,Steel,75,100,120,25,65,65,450,sandslash-alola,https://play.pokemonshowdown.com/sprites/gen5/sandslash-alola.png
=IMAGE(Q43),29,NIDORINA,0,Nidorina,-,Poison,,70,62,67,55,55,56,365,nidorina,https://play.pokemonshowdown.com/sprites/gen5/nidorina.png
=IMAGE(Q44),30,NIDOQUEEN,0,Nidoran♂,-,Poison,,46,57,40,40,40,50,273,nidoqueen,https://play.pokemonshowdown.com/sprites/gen5/nidoqueen.png
=IMAGE(Q45),31,NIDORINO,0,Nidorino,-,Poison,,61,72,57,55,55,65,365,nidorino,https://play.pokemonshowdown.com/sprites/gen5/nidorino.png
=IMAGE(Q46),32,NIDOKING,0,Nidoking,-,Poison,Ground,81,102,77,85,75,85,505,nidoking,https://play.pokemonshowdown.com/sprites/gen5/nidoking.png
=IMAGE(Q47),33,CLEFAIRY,0,Clefairy,-,Fairy,,70,45,48,60,65,35,323,clefairy,https://play.pokemonshowdown.com/sprites/gen5/clefairy.png
=IMAGE(Q48),34,CLEFABLE,0,Clefable,-,Fairy,,95,70,73,95,90,60,483,clefable,https://play.pokemonshowdown.com/sprites/gen5/clefable.png
=IMAGE(Q49),34,CLEFABLE,1,Clefable (Mega Clefable),Mega Clefable,Fairy,Flying,95,80,93,135,110,70,583,clefable-mega,https://play.pokemonshowdown.com/sprites/gen5/clefable-mega.png
=IMAGE(Q50),35,VULPIX,0,Vulpix,-,Fire,,38,41,40,50,65,65,299,vulpix,https://play.pokemonshowdown.com/sprites/gen5/vulpix.png
=IMAGE(Q51),35,VULPIX,1,Vulpix (Alolan),Alolan,Ice,,38,41,40,50,65,65,299,vulpix-alola,https://play.pokemonshowdown.com/sprites/gen5/vulpix-alola.png
=IMAGE(Q52),36,NINETALES,0,Ninetales,-,Fire,,73,76,75,81,100,100,505,ninetales,https://play.pokemonshowdown.com/sprites/gen5/ninetales.png
=IMAGE(Q53),36,NINETALES,1,Ninetales (Alolan),Alolan,Ice,Fairy,73,67,75,81,100,109,505,ninetales-alola,https://play.pokemonshowdown.com/sprites/gen5/ninetales-alola.png
=IMAGE(Q54),37,JIGGLYPUFF,0,Jigglypuff,-,Normal,Fairy,115,45,20,45,25,20,270,jigglypuff,https://play.pokemonshowdown.com/sprites/gen5/jigglypuff.png
=IMAGE(Q55),38,WIGGLYTUFF,0,Wigglytuff,-,Normal,Fairy,140,70,45,85,50,45,435,wigglytuff,https://play.pokemonshowdown.com/sprites/gen5/wigglytuff.png
=IMAGE(Q56),39,ZUBAT,0,Zubat,-,Poison,Flying,40,45,35,30,40,55,245,zubat,https://play.pokemonshowdown.com/sprites/gen5/zubat.png
=IMAGE(Q57),40,GOLBAT,0,Golbat,-,Poison,Flying,75,80,70,65,75,90,455,golbat,https://play.pokemonshowdown.com/sprites/gen5/golbat.png
=IMAGE(Q58),41,ODDISH,0,Oddish,-,Grass,Poison,45,50,55,75,65,30,320,oddish,https://play.pokemonshowdown.com/sprites/gen5/oddish.png
=IMAGE(Q59),42,GLOOM,0,Gloom,-,Grass,Poison,60,65,70,85,75,40,395,gloom,https://play.pokemonshowdown.com/sprites/gen5/gloom.png
=IMAGE(Q60),43,VILEPLUME,0,Vileplume,-,Grass,Poison,75,80,85,110,90,50,490,vileplume,https://play.pokemonshowdown.com/sprites/gen5/vileplume.png
=IMAGE(Q61),44,PARAS,0,Paras,-,Bug,Grass,35,70,55,45,55,25,285,paras,https://play.pokemonshowdown.com/sprites/gen5/paras.png
=IMAGE(Q62),45,PARASECT,0,Parasect,-,Bug,Grass,60,95,80,60,80,30,405,parasect,https://play.pokemonshowdown.com/sprites/gen5/parasect.png
=IMAGE(Q63),46,VENONAT,0,Venonat,-,Bug,Poison,60,55,50,40,55,45,305,venonat,https://play.pokemonshowdown.com/sprites/gen5/venonat.png
=IMAGE(Q64),47,VENOMOTH,0,Venomoth,-,Bug,Poison,70,65,60,90,75,90,450,venomoth,https://play.pokemonshowdown.com/sprites/gen5/venomoth.png
=IMAGE(Q65),48,DIGLETT,0,Diglett,-,Ground,,10,55,25,35,45,95,265,diglett,https://play.pokemonshowdown.com/sprites/gen5/diglett.png
=IMAGE(Q66),48,DIGLETT,1,Diglett (Alolan),Alolan,Ground,Steel,10,55,30,35,45,90,265,diglett-alola,https://play.pokemonshowdown.com/sprites/gen5/diglett-alola.png
=IMAGE(Q67),49,DUGTRIO,0,Dugtrio,-,Ground,,35,100,50,50,70,120,425,dugtrio,https://play.pokemonshowdown.com/sprites/gen5/dugtrio.png
=IMAGE(Q68),49,DUGTRIO,1,Dugtrio (Alolan),Alolan,Ground,Steel,35,100,60,50,70,110,425,dugtrio-alola,https://play.pokemonshowdown.com/sprites/gen5/dugtrio-alola.png
=IMAGE(Q69),50,MEOWTH,0,Meowth,-,Normal,,40,45,35,40,40,90,290,meowth,https://play.pokemonshowdown.com/sprites/gen5/meowth.png
=IMAGE(Q70),50,MEOWTH,1,Meowth (Alolan),Alolan,Dark,,40,35,35,50,40,90,290,meowth-alola,https://play.pokemonshowdown.com/sprites/gen5/meowth-alola.png
=IMAGE(Q71),50,MEOWTH,2,Meowth (Galarian),Galarian,Steel,,50,65,55,40,40,40,290,meowth-galar,https://play.pokemonshowdown.com/sprites/gen5/meowth-galar.png
=IMAGE(Q72),51,PERSIAN,0,Persian,-,Normal,,65,70,60,65,65,115,440,persian,https://play.pokemonshowdown.com/sprites/gen5/persian.png
=IMAGE(Q73),51,PERSIAN,1,Persian (Alolan),Alolan,Dark,,65,60,60,75,65,115,440,persian-alola,https://play.pokemonshowdown.com/sprites/gen5/persian-alola.png
=IMAGE(Q74),52,PSYDUCK,0,Psyduck,-,Water,,50,52,48,65,50,55,320,psyduck,https://play.pokemonshowdown.com/sprites/gen5/psyduck.png
=IMAGE(Q75),53,GOLDUCK,0,Golduck,-,Water,,80,82,78,95,80,85,500,golduck,https://play.pokemonshowdown.com/sprites/gen5/golduck.png
=IMAGE(Q76),54,MANKEY,0,Mankey,-,Fighting,,40,80,35,35,45,70,305,mankey,https://play.pokemonshowdown.com/sprites/gen5/mankey.png
=IMAGE(Q77),55,PRIMEAPE,0,Primeape,-,Fighting,,65,105,60,60,70,95,455,primeape,https://play.pokemonshowdown.com/sprites/gen5/primeape.png
=IMAGE(Q78),56,GROWLITHE,0,Growlithe,-,Fire,,55,70,45,70,50,60,350,growlithe,https://play.pokemonshowdown.com/sprites/gen5/growlithe.png
=IMAGE(Q79),56,GROWLITHE,1,Growlithe (Hisuian),Hisuian,Fire,Rock,60,75,45,65,50,55,350,growlithe-hisui,https://play.pokemonshowdown.com/sprites/gen5/growlithe-hisui.png
=IMAGE(Q80),57,ARCANINE,0,Arcanine,-,Fire,,90,110,80,100,80,95,555,arcanine,https://play.pokemonshowdown.com/sprites/gen5/arcanine.png
=IMAGE(Q81),57,ARCANINE,1,Arcanine (Hisuian),Hisuian,Fire,Rock,95,115,80,95,80,90,555,arcanine-hisui,https://play.pokemonshowdown.com/sprites/gen5/arcanine-hisui.png
=IMAGE(Q82),58,POLIWAG,0,Poliwag,-,Water,,40,50,40,40,40,90,300,poliwag,https://play.pokemonshowdown.com/sprites/gen5/poliwag.png
=IMAGE(Q83),59,POLIWHIRL,0,Poliwhirl,-,Water,,65,65,65,50,50,90,385,poliwhirl,https://play.pokemonshowdown.com/sprites/gen5/poliwhirl.png
=IMAGE(Q84),60,POLIWRATH,0,Poliwrath,-,Water,Fighting,90,95,95,70,90,70,510,poliwrath,https://play.pokemonshowdown.com/sprites/gen5/poliwrath.png
=IMAGE(Q85),61,ABRA,0,Abra,-,Psychic,,25,20,15,105,55,90,310,abra,https://play.pokemonshowdown.com/sprites/gen5/abra.png
=IMAGE(Q86),62,KADABRA,0,Kadabra,-,Psychic,,40,35,30,120,70,105,400,kadabra,https://play.pokemonshowdown.com/sprites/gen5/kadabra.png
=IMAGE(Q87),63,ALAKAZAM,0,Alakazam,-,Psychic,,55,50,45,135,95,120,500,alakazam,https://play.pokemonshowdown.com/sprites/gen5/alakazam.png
=IMAGE(Q88),63,ALAKAZAM,1,Alakazam (Mega Alakazam),Mega Alakazam,Psychic,,55,50,65,175,105,150,600,alakazam-mega,https://play.pokemonshowdown.com/sprites/gen5/alakazam-mega.png
=IMAGE(Q89),64,MACHOP,0,Machop,-,Fighting,,70,80,50,35,35,35,305,machop,https://play.pokemonshowdown.com/sprites/gen5/machop.png
=IMAGE(Q90),65,MACHOKE,0,Machoke,-,Fighting,,80,100,70,50,60,45,405,machoke,https://play.pokemonshowdown.com/sprites/gen5/machoke.png
=IMAGE(Q91),66,MACHAMP,0,Machamp,-,Fighting,,90,130,80,65,85,55,505,machamp,https://play.pokemonshowdown.com/sprites/gen5/machamp.png
=IMAGE(Q92),67,BELLSPROUT,0,Bellsprout,-,Grass,Poison,50,75,35,70,30,40,300,bellsprout,https://play.pokemonshowdown.com/sprites/gen5/bellsprout.png
=IMAGE(Q93),68,WEEPINBELL,0,Weepinbell,-,Grass,Poison,65,90,50,85,45,55,390,weepinbell,https://play.pokemonshowdown.com/sprites/gen5/weepinbell.png
=IMAGE(Q94),69,VICTREEBEL,0,Victreebel,-,Grass,Poison,80,105,65,100,70,70,490,victreebel,https://play.pokemonshowdown.com/sprites/gen5/victreebel.png
=IMAGE(Q95),69,VICTREEBEL,1,Victreebel (Mega Victreebel),Mega Victreebel,Grass,Poison,80,125,85,135,95,70,590,victreebel-mega,https://play.pokemonshowdown.com/sprites/gen5/victreebel-mega.png
=IMAGE(Q96),70,TENTACOOL,0,Tentacool,-,Water,Poison,40,40,35,50,100,70,335,tentacool,https://play.pokemonshowdown.com/sprites/gen5/tentacool.png
=IMAGE(Q97),71,TENTACRUEL,0,Tentacruel,-,Water,Poison,80,70,65,80,120,100,515,tentacruel,https://play.pokemonshowdown.com/sprites/gen5/tentacruel.png
=IMAGE(Q98),72,GEODUDE,0,Geodude,-,Rock,Ground,40,80,100,30,30,20,300,geodude,https://play.pokemonshowdown.com/sprites/gen5/geodude.png
=IMAGE(Q99),72,GEODUDE,1,Geodude (Alolan),Alolan,Rock,Electric,40,80,100,30,30,20,300,geodude-alola,https://play.pokemonshowdown.com/sprites/gen5/geodude-alola.png
=IMAGE(Q100),73,GRAVELER,0,Graveler,-,Rock,Ground,55,95,115,45,45,35,390,graveler,https://play.pokemonshowdown.com/sprites/gen5/graveler.png
=IMAGE(Q101),73,GRAVELER,1,Graveler (Alolan),Alolan,Rock,Electric,55,95,115,45,45,35,390,graveler-alola,https://play.pokemonshowdown.com/sprites/gen5/graveler-alola.png
=IMAGE(Q102),74,GOLEM,0,Golem,-,Rock,Ground,80,120,130,55,65,45,495,golem,https://play.pokemonshowdown.com/sprites/gen5/golem.png
=IMAGE(Q103),74,GOLEM,1,Golem (Alolan),Alolan,Rock,Electric,80,120,130,55,65,45,495,golem-alola,https://play.pokemonshowdown.com/sprites/gen5/golem-alola.png
=IMAGE(Q104),75,PONYTA,0,Ponyta,-,Fire,,50,85,55,65,65,90,410,ponyta,https://play.pokemonshowdown.com/sprites/gen5/ponyta.png
=IMAGE(Q105),75,PONYTA,1,Ponyta (Galarian),Galarian,Psychic,,50,85,55,65,65,90,410,ponyta-galar,https://play.pokemonshowdown.com/sprites/gen5/ponyta-galar.png
=IMAGE(Q106),76,RAPIDASH,0,Rapidash,-,Fire,,65,100,70,80,80,105,500,rapidash,https://play.pokemonshowdown.com/sprites/gen5/rapidash.png
=IMAGE(Q107),76,RAPIDASH,1,Rapidash (Galarian),Galarian,Psychic,Fairy,65,100,70,80,80,105,500,rapidash-galar,https://play.pokemonshowdown.com/sprites/gen5/rapidash-galar.png
=IMAGE(Q108),77,SLOWPOKE,0,Slowpoke,-,Water,Psychic,90,65,65,40,40,15,315,slowpoke,https://play.pokemonshowdown.com/sprites/gen5/slowpoke.png
=IMAGE(Q109),77,SLOWPOKE,1,Slowpoke (Galarian),Galarian,Psychic,,90,65,65,40,40,15,315,slowpoke-galar,https://play.pokemonshowdown.com/sprites/gen5/slowpoke-galar.png
=IMAGE(Q110),78,SLOWBRO,0,Slowbro,-,Water,Psychic,95,75,110,100,80,30,490,slowbro,https://play.pokemonshowdown.com/sprites/gen5/slowbro.png
=IMAGE(Q111),78,SLOWBRO,1,Slowbro (Galarian),Galarian,Poison,Psychic,95,100,95,100,70,30,490,slowbro-galar,https://play.pokemonshowdown.com/sprites/gen5/slowbro-galar.png
=IMAGE(Q112),78,SLOWBRO,2,Slowbro (Mega Slowbro),Mega Slowbro,Water,Psychic,95,75,180,130,80,30,590,slowbro-mega,https://play.pokemonshowdown.com/sprites/gen5/slowbro-mega.png
=IMAGE(Q113),79,MAGNEMITE,0,Magnemite,-,Electric,Steel,25,35,70,95,55,45,325,magnemite,https://play.pokemonshowdown.com/sprites/gen5/magnemite.png
=IMAGE(Q114),80,MAGNETON,0,Magneton,-,Electric,Steel,50,60,95,120,70,70,465,magneton,https://play.pokemonshowdown.com/sprites/gen5/magneton.png
=IMAGE(Q115),81,FARFETCHD,0,Farfetch'd,-,Normal,Flying,52,90,55,58,62,60,377,farfetchd,https://play.pokemonshowdown.com/sprites/gen5/farfetchd.png
=IMAGE(Q116),81,FARFETCHD,1,Farfetch'd (Galarian),Galarian,Fighting,,52,95,55,58,62,55,377,farfetchd-galar,https://play.pokemonshowdown.com/sprites/gen5/farfetchd-galar.png
=IMAGE(Q117),82,DODUO,0,Doduo,-,Normal,Flying,35,85,45,35,35,75,310,doduo,https://play.pokemonshowdown.com/sprites/gen5/doduo.png
=IMAGE(Q118),83,DODRIO,0,Dodrio,-,Normal,Flying,60,110,70,60,60,110,470,dodrio,https://play.pokemonshowdown.com/sprites/gen5/dodrio.png
=IMAGE(Q119),84,SEEL,0,Seel,-,Water,,65,45,55,45,70,45,325,seel,https://play.pokemonshowdown.com/sprites/gen5/seel.png
=IMAGE(Q120),85,DEWGONG,0,Dewgong,-,Water,Ice,90,70,80,70,95,70,475,dewgong,https://play.pokemonshowdown.com/sprites/gen5/dewgong.png
=IMAGE(Q121),86,GRIMER,0,Grimer,-,Poison,,80,80,50,40,50,25,325,grimer,https://play.pokemonshowdown.com/sprites/gen5/grimer.png
=IMAGE(Q122),86,GRIMER,1,Grimer (Alolan),Alolan,Poison,Dark,80,80,50,40,50,25,325,grimer-alola,https://play.pokemonshowdown.com/sprites/gen5/grimer-alola.png
=IMAGE(Q123),87,MUK,0,Muk,-,Poison,,105,105,75,65,100,50,500,muk,https://play.pokemonshowdown.com/sprites/gen5/muk.png
=IMAGE(Q124),87,MUK,1,Muk (Alolan),Alolan,Poison,Dark,105,105,75,65,100,50,500,muk-alola,https://play.pokemonshowdown.com/sprites/gen5/muk-alola.png
=IMAGE(Q125),88,SHELLDER,0,Shellder,-,Water,,30,65,100,45,25,40,305,shellder,https://play.pokemonshowdown.com/sprites/gen5/shellder.png
=IMAGE(Q126),89,CLOYSTER,0,Cloyster,-,Water,Ice,50,95,180,85,45,70,525,cloyster,https://play.pokemonshowdown.com/sprites/gen5/cloyster.png
=IMAGE(Q127),90,GASTLY,0,Gastly,-,Ghost,Poison,30,35,30,100,35,80,310,gastly,https://play.pokemonshowdown.com/sprites/gen5/gastly.png
=IMAGE(Q128),91,HAUNTER,0,Haunter,-,Ghost,Poison,45,50,45,115,55,95,405,haunter,https://play.pokemonshowdown.com/sprites/gen5/haunter.png
=IMAGE(Q129),92,GENGAR,0,Gengar,-,Ghost,Poison,60,65,60,130,75,110,500,gengar,https://play.pokemonshowdown.com/sprites/gen5/gengar.png
=IMAGE(Q130),92,GENGAR,1,Gengar (Mega Gengar),Mega Gengar,Ghost,Poison,60,65,80,170,95,130,600,gengar-mega,https://play.pokemonshowdown.com/sprites/gen5/gengar-mega.png
=IMAGE(Q131),93,ONIX,0,Onix,-,Rock,Ground,35,45,160,30,45,70,385,onix,https://play.pokemonshowdown.com/sprites/gen5/onix.png
=IMAGE(Q132),94,DROWZEE,0,Drowzee,-,Psychic,,60,48,45,43,90,42,328,drowzee,https://play.pokemonshowdown.com/sprites/gen5/drowzee.png
=IMAGE(Q133),95,HYPNO,0,Hypno,-,Psychic,,85,73,70,73,115,67,483,hypno,https://play.pokemonshowdown.com/sprites/gen5/hypno.png
=IMAGE(Q134),96,KRABBY,0,Krabby,-,Water,,30,105,90,25,25,50,325,krabby,https://play.pokemonshowdown.com/sprites/gen5/krabby.png
=IMAGE(Q135),97,KINGLER,0,Kingler,-,Water,,55,130,115,50,50,75,475,kingler,https://play.pokemonshowdown.com/sprites/gen5/kingler.png
=IMAGE(Q136),98,VOLTORB,0,Voltorb,-,Electric,,40,30,50,55,55,100,330,voltorb,https://play.pokemonshowdown.com/sprites/gen5/voltorb.png
=IMAGE(Q137),98,VOLTORB,1,Voltorb (Hisuian),Hisuian,Electric,Grass,40,30,50,55,55,100,330,voltorb-hisui,https://play.pokemonshowdown.com/sprites/gen5/voltorb-hisui.png
=IMAGE(Q138),99,ELECTRODE,0,Electrode,-,Electric,,60,50,70,80,80,150,490,electrode,https://play.pokemonshowdown.com/sprites/gen5/electrode.png
=IMAGE(Q139),99,ELECTRODE,1,Electrode (Hisuian),Hisuian,Electric,Grass,60,50,70,80,80,150,490,electrode-hisui,https://play.pokemonshowdown.com/sprites/gen5/electrode-hisui.png
=IMAGE(Q140),100,EXEGGCUTE,0,Exeggcute,-,Grass,Psychic,60,40,80,60,45,40,325,exeggcute,https://play.pokemonshowdown.com/sprites/gen5/exeggcute.png
=IMAGE(Q141),101,EXEGGUTOR,0,Exeggutor,-,Grass,Psychic,95,95,85,125,75,55,530,exeggutor,https://play.pokemonshowdown.com/sprites/gen5/exeggutor.png
=IMAGE(Q142),101,EXEGGUTOR,1,Exeggutor (Alolan),Alolan,Grass,Dragon,95,105,85,125,75,45,530,exeggutor-alola,https://play.pokemonshowdown.com/sprites/gen5/exeggutor-alola.png
=IMAGE(Q143),102,CUBONE,0,Cubone,-,Ground,,50,50,95,40,50,35,320,cubone,https://play.pokemonshowdown.com/sprites/gen5/cubone.png
=IMAGE(Q144),102,CUBONE,1,Cubone (Form 1),Form 1,Ground,,50,50,95,40,50,35,320,cubone-form1,https://play.pokemonshowdown.com/sprites/gen5/cubone-form1.png
=IMAGE(Q145),103,MAROWAK,0,Marowak,-,Ground,,60,80,110,50,80,45,425,marowak,https://play.pokemonshowdown.com/sprites/gen5/marowak.png
=IMAGE(Q146),103,MAROWAK,1,Marowak (Alolan),Alolan,Fire,Ghost,60,80,110,50,80,45,425,marowak-alola,https://play.pokemonshowdown.com/sprites/gen5/marowak-alola.png
=IMAGE(Q147),104,HITMONLEE,0,Hitmonlee,-,Fighting,,50,120,53,35,110,87,455,hitmonlee,https://play.pokemonshowdown.com/sprites/gen5/hitmonlee.png
=IMAGE(Q148),105,HITMONCHAN,0,Hitmonchan,-,Fighting,,50,105,79,35,110,76,455,hitmonchan,https://play.pokemonshowdown.com/sprites/gen5/hitmonchan.png
=IMAGE(Q149),106,LICKITUNG,0,Lickitung,-,Normal,,90,55,75,60,75,30,385,lickitung,https://play.pokemonshowdown.com/sprites/gen5/lickitung.png
=IMAGE(Q150),107,KOFFING,0,Koffing,-,Poison,,40,65,95,60,45,35,340,koffing,https://play.pokemonshowdown.com/sprites/gen5/koffing.png
=IMAGE(Q151),108,WEEZING,0,Weezing,-,Poison,,65,90,120,85,70,60,490,weezing,https://play.pokemonshowdown.com/sprites/gen5/weezing.png
=IMAGE(Q152),108,WEEZING,1,Weezing (Galarian),Galarian,Poison,Fairy,65,90,120,85,70,60,490,weezing-galar,https://play.pokemonshowdown.com/sprites/gen5/weezing-galar.png
=IMAGE(Q153),109,RHYHORN,0,Rhyhorn,-,Ground,Rock,80,85,95,30,30,25,345,rhyhorn,https://play.pokemonshowdown.com/sprites/gen5/rhyhorn.png
=IMAGE(Q154),110,RHYDON,0,Rhydon,-,Ground,Rock,105,130,120,45,45,40,485,rhydon,https://play.pokemonshowdown.com/sprites/gen5/rhydon.png
=IMAGE(Q155),111,CHANSEY,0,Chansey,-,Normal,,250,5,5,35,105,50,450,chansey,https://play.pokemonshowdown.com/sprites/gen5/chansey.png
=IMAGE(Q156),112,TANGELA,0,Tangela,-,Grass,,65,55,115,100,40,60,435,tangela,https://play.pokemonshowdown.com/sprites/gen5/tangela.png
=IMAGE(Q157),113,KANGASKHAN,0,Kangaskhan,-,Normal,,105,95,80,40,80,90,490,kangaskhan,https://play.pokemonshowdown.com/sprites/gen5/kangaskhan.png
=IMAGE(Q158),113,KANGASKHAN,1,Kangaskhan (Mega Kangaskhan),Mega Kangaskhan,Normal,,105,125,100,60,100,100,590,kangaskhan-mega,https://play.pokemonshowdown.com/sprites/gen5/kangaskhan-mega.png
=IMAGE(Q159),114,HORSEA,0,Horsea,-,Water,,30,40,70,70,25,60,295,horsea,https://play.pokemonshowdown.com/sprites/gen5/horsea.png
=IMAGE(Q160),115,SEADRA,0,Seadra,-,Water,,55,65,95,95,45,85,440,seadra,https://play.pokemonshowdown.com/sprites/gen5/seadra.png
=IMAGE(Q161),116,GOLDEEN,0,Goldeen,-,Water,,45,67,60,35,50,63,320,goldeen,https://play.pokemonshowdown.com/sprites/gen5/goldeen.png
=IMAGE(Q162),117,SEAKING,0,Seaking,-,Water,,80,92,65,65,80,68,450,seaking,https://play.pokemonshowdown.com/sprites/gen5/seaking.png
=IMAGE(Q163),118,STARYU,0,Staryu,-,Water,,30,45,55,70,55,85,340,staryu,https://play.pokemonshowdown.com/sprites/gen5/staryu.png
=IMAGE(Q164),119,STARMIE,0,Starmie,-,Water,Psychic,60,75,85,100,85,115,520,starmie,https://play.pokemonshowdown.com/sprites/gen5/starmie.png
=IMAGE(Q165),119,STARMIE,1,Starmie (Mega Starmie),Mega Starmie,Water,Psychic,60,100,105,130,105,120,620,starmie-mega,https://play.pokemonshowdown.com/sprites/gen5/starmie-mega.png
=IMAGE(Q166),120,MRMIME,0,Mr. Mime,-,Psychic,Fairy,40,45,65,100,120,90,460,mrmime,https://play.pokemonshowdown.com/sprites/gen5/mrmime.png
=IMAGE(Q167),120,MRMIME,1,Mr. Mime (Galarian),Galarian,Ice,Psychic,50,65,65,90,90,100,460,mrmime-galar,https://play.pokemonshowdown.com/sprites/gen5/mrmime-galar.png
=IMAGE(Q168),121,SCYTHER,0,Scyther,-,Bug,Flying,70,110,80,55,80,105,500,scyther,https://play.pokemonshowdown.com/sprites/gen5/scyther.png
=IMAGE(Q169),122,JYNX,0,Jynx,-,Ice,Psychic,65,50,35,115,95,95,455,jynx,https://play.pokemonshowdown.com/sprites/gen5/jynx.png
=IMAGE(Q170),123,ELECTABUZZ,0,Electabuzz,-,Electric,,65,83,57,95,85,105,490,electabuzz,https://play.pokemonshowdown.com/sprites/gen5/electabuzz.png
=IMAGE(Q171),124,MAGMAR,0,Magmar,-,Fire,,65,95,57,100,85,93,495,magmar,https://play.pokemonshowdown.com/sprites/gen5/magmar.png
=IMAGE(Q172),125,PINSIR,0,Pinsir,-,Bug,,65,125,100,55,70,85,500,pinsir,https://play.pokemonshowdown.com/sprites/gen5/pinsir.png
=IMAGE(Q173),125,PINSIR,1,Pinsir (Mega Pinsir),Mega Pinsir,Bug,Flying,65,155,120,65,90,105,600,pinsir-mega,https://play.pokemonshowdown.com/sprites/gen5/pinsir-mega.png
=IMAGE(Q174),126,TAUROS,0,Tauros,-,Normal,,75,100,95,40,70,110,490,tauros,https://play.pokemonshowdown.com/sprites/gen5/tauros.png
=IMAGE(Q175),126,TAUROS,1,Tauros (Paldean (Combat Breed)),Paldean (Combat Breed),Fighting,,75,110,105,30,70,100,490,tauros-paldea,https://play.pokemonshowdown.com/sprites/gen5/tauros-paldea.png
=IMAGE(Q176),126,TAUROS,2,Tauros (Paldean (Blaze Breed)),Paldean (Blaze Breed),Fighting,Fire,75,110,105,30,70,100,490,tauros-paldeablaze,https://play.pokemonshowdown.com/sprites/gen5/tauros-paldeablaze.png
=IMAGE(Q177),126,TAUROS,3,Tauros (Paldean (Aqua Breed)),Paldean (Aqua Breed),Fighting,Water,75,110,105,30,70,100,490,tauros-paldeaaqua,https://play.pokemonshowdown.com/sprites/gen5/tauros-paldeaaqua.png
=IMAGE(Q178),127,MAGIKARP,0,Magikarp,-,Water,,20,10,55,15,20,80,200,magikarp,https://play.pokemonshowdown.com/sprites/gen5/magikarp.png
=IMAGE(Q179),128,GYARADOS,0,Gyarados,-,Water,Flying,95,125,79,60,100,81,540,gyarados,https://play.pokemonshowdown.com/sprites/gen5/gyarados.png
=IMAGE(Q180),128,GYARADOS,1,Gyarados (Mega Gyarados),Mega Gyarados,Water,Dark,95,155,109,70,130,81,640,gyarados-mega,https://play.pokemonshowdown.com/sprites/gen5/gyarados-mega.png
=IMAGE(Q181),129,LAPRAS,0,Lapras,-,Water,Ice,130,85,80,85,95,60,535,lapras,https://play.pokemonshowdown.com/sprites/gen5/lapras.png
=IMAGE(Q182),130,DITTO,0,Ditto,-,Normal,,48,48,48,48,48,48,288,ditto,https://play.pokemonshowdown.com/sprites/gen5/ditto.png
=IMAGE(Q183),131,EEVEE,0,Eevee,-,Normal,,55,55,50,45,65,55,325,eevee,https://play.pokemonshowdown.com/sprites/gen5/eevee.png
=IMAGE(Q184),132,VAPOREON,0,Vaporeon,-,Water,,130,65,60,110,95,65,525,vaporeon,https://play.pokemonshowdown.com/sprites/gen5/vaporeon.png
=IMAGE(Q185),133,JOLTEON,0,Jolteon,-,Electric,,65,65,60,110,95,130,525,jolteon,https://play.pokemonshowdown.com/sprites/gen5/jolteon.png
=IMAGE(Q186),134,FLAREON,0,Flareon,-,Fire,,65,130,60,95,110,65,525,flareon,https://play.pokemonshowdown.com/sprites/gen5/flareon.png
=IMAGE(Q187),135,PORYGON,0,Porygon,-,Normal,,65,60,70,85,75,40,395,porygon,https://play.pokemonshowdown.com/sprites/gen5/porygon.png
=IMAGE(Q188),136,OMANYTE,0,Omanyte,-,Rock,Water,35,40,100,90,55,35,355,omanyte,https://play.pokemonshowdown.com/sprites/gen5/omanyte.png
=IMAGE(Q189),137,OMASTAR,0,Omastar,-,Rock,Water,70,60,125,115,70,55,495,omastar,https://play.pokemonshowdown.com/sprites/gen5/omastar.png
=IMAGE(Q190),138,KABUTO,0,Kabuto,-,Rock,Water,30,80,90,55,45,55,355,kabuto,https://play.pokemonshowdown.com/sprites/gen5/kabuto.png
=IMAGE(Q191),139,KABUTOPS,0,Kabutops,-,Rock,Water,60,115,105,65,70,80,495,kabutops,https://play.pokemonshowdown.com/sprites/gen5/kabutops.png
=IMAGE(Q192),140,AERODACTYL,0,Aerodactyl,-,Rock,Flying,80,105,65,60,75,130,515,aerodactyl,https://play.pokemonshowdown.com/sprites/gen5/aerodactyl.png
=IMAGE(Q193),140,AERODACTYL,1,Aerodactyl (Mega Aerodactyl),Mega Aerodactyl,Rock,Flying,80,135,85,70,95,150,615,aerodactyl-mega,https://play.pokemonshowdown.com/sprites/gen5/aerodactyl-mega.png
=IMAGE(Q194),141,SNORLAX,0,Snorlax,-,Normal,,160,110,65,65,110,30,540,snorlax,https://play.pokemonshowdown.com/sprites/gen5/snorlax.png
=IMAGE(Q195),142,ARTICUNO,0,Articuno,-,Ice,Flying,90,85,100,95,125,85,580,articuno,https://play.pokemonshowdown.com/sprites/gen5/articuno.png
=IMAGE(Q196),142,ARTICUNO,1,Articuno (Galarian),Galarian,Psychic,Flying,90,85,85,125,100,95,580,articuno-galar,https://play.pokemonshowdown.com/sprites/gen5/articuno-galar.png
=IMAGE(Q197),143,ZAPDOS,0,Zapdos,-,Electric,Flying,90,90,85,125,90,100,580,zapdos,https://play.pokemonshowdown.com/sprites/gen5/zapdos.png
=IMAGE(Q198),143,ZAPDOS,1,Zapdos (Galarian),Galarian,Fighting,Flying,90,125,90,85,90,100,580,zapdos-galar,https://play.pokemonshowdown.com/sprites/gen5/zapdos-galar.png
=IMAGE(Q199),144,MOLTRES,0,Moltres,-,Fire,Flying,90,100,90,125,85,90,580,moltres,https://play.pokemonshowdown.com/sprites/gen5/moltres.png
=IMAGE(Q200),144,MOLTRES,1,Moltres (Galarian),Galarian,Dark,Flying,90,85,90,100,125,90,580,moltres-galar,https://play.pokemonshowdown.com/sprites/gen5/moltres-galar.png
=IMAGE(Q201),145,DRATINI,0,Dratini,-,Dragon,,41,64,45,50,50,50,300,dratini,https://play.pokemonshowdown.com/sprites/gen5/dratini.png
=IMAGE(Q202),146,DRAGONAIR,0,Dragonair,-,Dragon,,61,84,65,70,70,70,420,dragonair,https://play.pokemonshowdown.com/sprites/gen5/dragonair.png
=IMAGE(Q203),147,DRAGONITE,0,Dragonite,-,Dragon,Flying,91,134,95,100,100,80,600,dragonite,https://play.pokemonshowdown.com/sprites/gen5/dragonite.png
=IMAGE(Q204),147,DRAGONITE,1,Dragonite (Mega Dragonite),Mega Dragonite,Dragon,Flying,91,124,115,145,125,100,700,dragonite-mega,https://play.pokemonshowdown.com/sprites/gen5/dragonite-mega.png
=IMAGE(Q205),148,MEWTWO,0,Mewtwo,-,Psychic,,106,110,90,154,90,130,680,mewtwo,https://play.pokemonshowdown.com/sprites/gen5/mewtwo.png
=IMAGE(Q206),148,MEWTWO,1,Mewtwo (Mega Mewtwo X),Mega Mewtwo X,Psychic,Fighting,106,190,100,154,100,130,780,mewtwo-megax,https://play.pokemonshowdown.com/sprites/gen5/mewtwo-megax.png
=IMAGE(Q207),148,MEWTWO,2,Mewtwo (Mega Mewtwo Y),Mega Mewtwo Y,Psychic,,106,150,70,194,120,140,780,mewtwo-megay,https://play.pokemonshowdown.com/sprites/gen5/mewtwo-megay.png
=IMAGE(Q208),149,MEW,0,Mew,-,Psychic,,100,100,100,100,100,100,600,mew,https://play.pokemonshowdown.com/sprites/gen5/mew.png
=IMAGE(Q209),150,CHIKORITA,0,Chikorita,-,Grass,,45,49,65,49,65,45,318,chikorita,https://play.pokemonshowdown.com/sprites/gen5/chikorita.png
=IMAGE(Q210),151,BAYLEEF,0,Bayleef,-,Grass,,60,62,80,63,80,60,405,bayleef,https://play.pokemonshowdown.com/sprites/gen5/bayleef.png
=IMAGE(Q211),152,MEGANIUM,0,Meganium,-,Grass,,80,82,100,83,100,80,525,meganium,https://play.pokemonshowdown.com/sprites/gen5/meganium.png
=IMAGE(Q212),152,MEGANIUM,1,Meganium (Mega Meganium),Mega Meganium,Grass,Fairy,80,92,115,143,115,80,625,meganium-mega,https://play.pokemonshowdown.com/sprites/gen5/meganium-mega.png
=IMAGE(Q213),153,CYNDAQUIL,0,Cyndaquil,-,Fire,,39,52,43,60,50,65,309,cyndaquil,https://play.pokemonshowdown.com/sprites/gen5/cyndaquil.png
=IMAGE(Q214),154,QUILAVA,0,Quilava,-,Fire,,58,64,58,80,65,80,405,quilava,https://play.pokemonshowdown.com/sprites/gen5/quilava.png
=IMAGE(Q215),155,TYPHLOSION,0,Typhlosion,-,Fire,,78,84,78,109,85,100,534,typhlosion,https://play.pokemonshowdown.com/sprites/gen5/typhlosion.png
=IMAGE(Q216),155,TYPHLOSION,1,Typhlosion (Hisuian),Hisuian,Fire,Ghost,73,84,78,119,85,95,534,typhlosion-hisui,https://play.pokemonshowdown.com/sprites/gen5/typhlosion-hisui.png
=IMAGE(Q217),156,TOTODILE,0,Totodile,-,Water,,50,65,64,44,48,43,314,totodile,https://play.pokemonshowdown.com/sprites/gen5/totodile.png
=IMAGE(Q218),157,CROCONAW,0,Croconaw,-,Water,,65,80,80,59,63,58,405,croconaw,https://play.pokemonshowdown.com/sprites/gen5/croconaw.png
=IMAGE(Q219),158,FERALIGATR,0,Feraligatr,-,Water,,85,105,100,79,83,78,530,feraligatr,https://play.pokemonshowdown.com/sprites/gen5/feraligatr.png
=IMAGE(Q220),158,FERALIGATR,1,Feraligatr (Mega Feraligatr),Mega Feraligatr,Water,Dragon,85,160,125,89,93,78,630,feraligatr-mega,https://play.pokemonshowdown.com/sprites/gen5/feraligatr-mega.png
=IMAGE(Q221),159,SENTRET,0,Sentret,-,Normal,,35,46,34,35,45,20,215,sentret,https://play.pokemonshowdown.com/sprites/gen5/sentret.png
=IMAGE(Q222),160,FURRET,0,Furret,-,Normal,,85,76,64,45,55,90,415,furret,https://play.pokemonshowdown.com/sprites/gen5/furret.png
=IMAGE(Q223),161,HOOTHOOT,0,Hoothoot,-,Normal,Flying,60,30,30,36,56,50,262,hoothoot,https://play.pokemonshowdown.com/sprites/gen5/hoothoot.png
=IMAGE(Q224),162,NOCTOWL,0,Noctowl,-,Normal,Flying,100,50,50,86,96,70,452,noctowl,https://play.pokemonshowdown.com/sprites/gen5/noctowl.png
=IMAGE(Q225),163,LEDYBA,0,Ledyba,-,Bug,Flying,40,20,30,40,80,55,265,ledyba,https://play.pokemonshowdown.com/sprites/gen5/ledyba.png
=IMAGE(Q226),164,LEDIAN,0,Ledian,-,Bug,Flying,55,35,50,55,110,85,390,ledian,https://play.pokemonshowdown.com/sprites/gen5/ledian.png
=IMAGE(Q227),165,SPINARAK,0,Spinarak,-,Bug,Poison,40,60,40,40,40,30,250,spinarak,https://play.pokemonshowdown.com/sprites/gen5/spinarak.png
=IMAGE(Q228),166,ARIADOS,0,Ariados,-,Bug,Poison,70,90,70,60,70,40,400,ariados,https://play.pokemonshowdown.com/sprites/gen5/ariados.png
=IMAGE(Q229),167,CROBAT,0,Crobat,-,Poison,Flying,85,90,80,70,80,130,535,crobat,https://play.pokemonshowdown.com/sprites/gen5/crobat.png
=IMAGE(Q230),168,CHINCHOU,0,Chinchou,-,Water,Electric,75,38,38,56,56,67,330,chinchou,https://play.pokemonshowdown.com/sprites/gen5/chinchou.png
=IMAGE(Q231),169,LANTURN,0,Lanturn,-,Water,Electric,125,58,58,76,76,67,460,lanturn,https://play.pokemonshowdown.com/sprites/gen5/lanturn.png
=IMAGE(Q232),170,PICHU,0,Pichu,-,Electric,,20,40,15,35,35,60,205,pichu,https://play.pokemonshowdown.com/sprites/gen5/pichu.png
=IMAGE(Q233),170,PICHU,2,Pichu (Spiky-Eared),Spiky-Eared,Electric,,20,40,15,35,35,60,205,pichu-spikyeared,https://play.pokemonshowdown.com/sprites/gen5/pichu-spikyeared.png
=IMAGE(Q234),171,CLEFFA,0,Cleffa,-,Fairy,,50,25,28,45,55,15,218,cleffa,https://play.pokemonshowdown.com/sprites/gen5/cleffa.png
=IMAGE(Q235),172,IGGLYBUFF,0,Igglybuff,-,Normal,Fairy,90,30,15,40,20,15,210,igglybuff,https://play.pokemonshowdown.com/sprites/gen5/igglybuff.png
=IMAGE(Q236),173,TOGEPI,0,Togepi,-,Fairy,,35,20,65,40,65,20,245,togepi,https://play.pokemonshowdown.com/sprites/gen5/togepi.png
=IMAGE(Q237),174,TOGETIC,0,Togetic,-,Fairy,Flying,55,40,85,80,105,40,405,togetic,https://play.pokemonshowdown.com/sprites/gen5/togetic.png
=IMAGE(Q238),175,NATU,0,Natu,-,Psychic,Flying,40,50,45,70,45,70,320,natu,https://play.pokemonshowdown.com/sprites/gen5/natu.png
=IMAGE(Q239),176,XATU,0,Xatu,-,Psychic,Flying,65,75,70,95,70,95,470,xatu,https://play.pokemonshowdown.com/sprites/gen5/xatu.png
=IMAGE(Q240),177,MAREEP,0,Mareep,-,Electric,,55,40,40,65,45,35,280,mareep,https://play.pokemonshowdown.com/sprites/gen5/mareep.png
=IMAGE(Q241),178,FLAAFFY,0,Flaaffy,-,Electric,,70,55,55,80,60,45,365,flaaffy,https://play.pokemonshowdown.com/sprites/gen5/flaaffy.png
=IMAGE(Q242),179,AMPHAROS,0,Ampharos,-,Electric,,90,75,85,115,90,55,510,ampharos,https://play.pokemonshowdown.com/sprites/gen5/ampharos.png
=IMAGE(Q243),179,AMPHAROS,1,Ampharos (Mega Ampharos),Mega Ampharos,Electric,Dragon,90,95,105,165,110,45,610,ampharos-mega,https://play.pokemonshowdown.com/sprites/gen5/ampharos-mega.png
=IMAGE(Q244),180,BELLOSSOM,0,Bellossom,-,Grass,,75,80,95,90,100,50,490,bellossom,https://play.pokemonshowdown.com/sprites/gen5/bellossom.png
=IMAGE(Q245),181,MARILL,0,Marill,-,Water,Fairy,70,20,50,20,50,40,250,marill,https://play.pokemonshowdown.com/sprites/gen5/marill.png
=IMAGE(Q246),182,AZUMARILL,0,Azumarill,-,Water,Fairy,100,50,80,60,80,50,420,azumarill,https://play.pokemonshowdown.com/sprites/gen5/azumarill.png
=IMAGE(Q247),183,SUDOWOODO,0,Sudowoodo,-,Rock,,70,100,115,30,65,30,410,sudowoodo,https://play.pokemonshowdown.com/sprites/gen5/sudowoodo.png
=IMAGE(Q248),184,POLITOED,0,Politoed,-,Water,,90,75,75,90,100,70,500,politoed,https://play.pokemonshowdown.com/sprites/gen5/politoed.png
=IMAGE(Q249),185,HOPPIP,0,Hoppip,-,Grass,Flying,35,35,40,35,55,50,250,hoppip,https://play.pokemonshowdown.com/sprites/gen5/hoppip.png
=IMAGE(Q250),186,SKIPLOOM,0,Skiploom,-,Grass,Flying,55,45,50,45,65,80,340,skiploom,https://play.pokemonshowdown.com/sprites/gen5/skiploom.png
=IMAGE(Q251),187,JUMPLUFF,0,Jumpluff,-,Grass,Flying,75,55,70,55,95,110,460,jumpluff,https://play.pokemonshowdown.com/sprites/gen5/jumpluff.png
=IMAGE(Q252),188,AIPOM,0,Aipom,-,Normal,,55,70,55,40,55,85,360,aipom,https://play.pokemonshowdown.com/sprites/gen5/aipom.png
=IMAGE(Q253),189,SUNKERN,0,Sunkern,-,Grass,,30,30,30,30,30,30,180,sunkern,https://play.pokemonshowdown.com/sprites/gen5/sunkern.png
=IMAGE(Q254),190,SUNFLORA,0,Sunflora,-,Grass,,75,75,55,105,85,30,425,sunflora,https://play.pokemonshowdown.com/sprites/gen5/sunflora.png
=IMAGE(Q255),191,YANMA,0,Yanma,-,Bug,Flying,65,65,45,75,45,95,390,yanma,https://play.pokemonshowdown.com/sprites/gen5/yanma.png
=IMAGE(Q256),192,WOOPER,0,Wooper,-,Water,Ground,55,45,45,25,25,15,210,wooper,https://play.pokemonshowdown.com/sprites/gen5/wooper.png
=IMAGE(Q257),192,WOOPER,1,Wooper (Paldean),Paldean,Poison,Ground,55,45,45,25,25,15,210,wooper-paldea,https://play.pokemonshowdown.com/sprites/gen5/wooper-paldea.png
=IMAGE(Q258),193,QUAGSIRE,0,Quagsire,-,Water,Ground,95,85,85,65,65,35,430,quagsire,https://play.pokemonshowdown.com/sprites/gen5/quagsire.png
=IMAGE(Q259),194,ESPEON,0,Espeon,-,Psychic,,65,65,60,130,95,110,525,espeon,https://play.pokemonshowdown.com/sprites/gen5/espeon.png
=IMAGE(Q260),195,UMBREON,0,Umbreon,-,Dark,,95,65,110,60,130,65,525,umbreon,https://play.pokemonshowdown.com/sprites/gen5/umbreon.png
=IMAGE(Q261),196,MURKROW,0,Murkrow,-,Dark,Flying,60,85,42,85,42,91,405,murkrow,https://play.pokemonshowdown.com/sprites/gen5/murkrow.png
=IMAGE(Q262),197,SLOWKING,0,Slowking,-,Water,Psychic,95,75,80,100,110,30,490,slowking,https://play.pokemonshowdown.com/sprites/gen5/slowking.png
=IMAGE(Q263),197,SLOWKING,1,Slowking (Galarian),Galarian,Poison,Psychic,95,65,80,110,110,30,490,slowking-galar,https://play.pokemonshowdown.com/sprites/gen5/slowking-galar.png
=IMAGE(Q264),198,MISDREAVUS,0,Misdreavus,-,Ghost,,60,60,60,85,85,85,435,misdreavus,https://play.pokemonshowdown.com/sprites/gen5/misdreavus.png
=IMAGE(Q265),199,UNOWN,0,Unown (A),-,Psychic,,48,72,48,72,48,48,336,unown,https://play.pokemonshowdown.com/sprites/gen5/unown.png
=IMAGE(Q266),199,UNOWN,1,Unown (B),B,Psychic,,48,72,48,72,48,48,336,unown-b,https://play.pokemonshowdown.com/sprites/gen5/unown-b.png
=IMAGE(Q267),199,UNOWN,2,Unown (C),C,Psychic,,48,72,48,72,48,48,336,unown-c,https://play.pokemonshowdown.com/sprites/gen5/unown-c.png
=IMAGE(Q268),199,UNOWN,3,Unown (D),D,Psychic,,48,72,48,72,48,48,336,unown-d,https://play.pokemonshowdown.com/sprites/gen5/unown-d.png
=IMAGE(Q269),199,UNOWN,4,Unown (E),E,Psychic,,48,72,48,72,48,48,336,unown-e,https://play.pokemonshowdown.com/sprites/gen5/unown-e.png
=IMAGE(Q270),199,UNOWN,5,Unown (F),F,Psychic,,48,72,48,72,48,48,336,unown-f,https://play.pokemonshowdown.com/sprites/gen5/unown-f.png
=IMAGE(Q271),199,UNOWN,6,Unown (G),G,Psychic,,48,72,48,72,48,48,336,unown-g,https://play.pokemonshowdown.com/sprites/gen5/unown-g.png
=IMAGE(Q272),199,UNOWN,7,Unown (H),H,Psychic,,48,72,48,72,48,48,336,unown-h,https://play.pokemonshowdown.com/sprites/gen5/unown-h.png
=IMAGE(Q273),199,UNOWN,8,Unown (I),I,Psychic,,48,72,48,72,48,48,336,unown-i,https://play.pokemonshowdown.com/sprites/gen5/unown-i.png
=IMAGE(Q274),199,UNOWN,9,Unown (J),J,Psychic,,48,72,48,72,48,48,336,unown-j,https://play.pokemonshowdown.com/sprites/gen5/unown-j.png
=IMAGE(Q275),199,UNOWN,10,Unown (K),K,Psychic,,48,72,48,72,48,48,336,unown-k,https://play.pokemonshowdown.com/sprites/gen5/unown-k.png
=IMAGE(Q276),199,UNOWN,11,Unown (L),L,Psychic,,48,72,48,72,48,48,336,unown-l,https://play.pokemonshowdown.com/sprites/gen5/unown-l.png
=IMAGE(Q277),199,UNOWN,12,Unown (M),M,Psychic,,48,72,48,72,48,48,336,unown-m,https://play.pokemonshowdown.com/sprites/gen5/unown-m.png
=IMAGE(Q278),199,UNOWN,13,Unown (N),N,Psychic,,48,72,48,72,48,48,336,unown-n,https://play.pokemonshowdown.com/sprites/gen5/unown-n.png
=IMAGE(Q279),199,UNOWN,14,Unown (O),O,Psychic,,48,72,48,72,48,48,336,unown-o,https://play.pokemonshowdown.com/sprites/gen5/unown-o.png
=IMAGE(Q280),199,UNOWN,15,Unown (P),P,Psychic,,48,72,48,72,48,48,336,unown-p,https://play.pokemonshowdown.com/sprites/gen5/unown-p.png
=IMAGE(Q281),199,UNOWN,16,Unown (Q),Q,Psychic,,48,72,48,72,48,48,336,unown-q,https://play.pokemonshowdown.com/sprites/gen5/unown-q.png
=IMAGE(Q282),199,UNOWN,17,Unown (R),R,Psychic,,48,72,48,72,48,48,336,unown-r,https://play.pokemonshowdown.com/sprites/gen5/unown-r.png
=IMAGE(Q283),199,UNOWN,18,Unown (S),S,Psychic,,48,72,48,72,48,48,336,unown-s,https://play.pokemonshowdown.com/sprites/gen5/unown-s.png
=IMAGE(Q284),199,UNOWN,19,Unown (T),T,Psychic,,48,72,48,72,48,48,336,unown-t,https://play.pokemonshowdown.com/sprites/gen5/unown-t.png
=IMAGE(Q285),199,UNOWN,20,Unown (U),U,Psychic,,48,72,48,72,48,48,336,unown-u,https://play.pokemonshowdown.com/sprites/gen5/unown-u.png
=IMAGE(Q286),199,UNOWN,21,Unown (V),V,Psychic,,48,72,48,72,48,48,336,unown-v,https://play.pokemonshowdown.com/sprites/gen5/unown-v.png
=IMAGE(Q287),199,UNOWN,22,Unown (W),W,Psychic,,48,72,48,72,48,48,336,unown-w,https://play.pokemonshowdown.com/sprites/gen5/unown-w.png
=IMAGE(Q288),199,UNOWN,23,Unown (X),X,Psychic,,48,72,48,72,48,48,336,unown-x,https://play.pokemonshowdown.com/sprites/gen5/unown-x.png
=IMAGE(Q289),199,UNOWN,24,Unown (Y),Y,Psychic,,48,72,48,72,48,48,336,unown-y,https://play.pokemonshowdown.com/sprites/gen5/unown-y.png
=IMAGE(Q290),199,UNOWN,25,Unown (Z),Z,Psychic,,48,72,48,72,48,48,336,unown-z,https://play.pokemonshowdown.com/sprites/gen5/unown-z.png
=IMAGE(Q291),199,UNOWN,26,Unown (?),?,Psychic,,48,72,48,72,48,48,336,unown-question,https://play.pokemonshowdown.com/sprites/gen5/unown-question.png
=IMAGE(Q292),199,UNOWN,27,Unown (!),!,Psychic,,48,72,48,72,48,48,336,unown-exclamation,https://play.pokemonshowdown.com/sprites/gen5/unown-exclamation.png
=IMAGE(Q293),200,WOBBUFFET,0,Wobbuffet,-,Psychic,,190,33,58,33,58,33,405,wobbuffet,https://play.pokemonshowdown.com/sprites/gen5/wobbuffet.png
=IMAGE(Q294),201,GIRAFARIG,0,Girafarig,-,Normal,Psychic,70,80,65,90,65,85,455,girafarig,https://play.pokemonshowdown.com/sprites/gen5/girafarig.png
=IMAGE(Q295),202,PINECO,0,Pineco,-,Bug,,50,65,90,35,35,15,290,pineco,https://play.pokemonshowdown.com/sprites/gen5/pineco.png
=IMAGE(Q296),203,FORRETRESS,0,Forretress,-,Bug,Steel,75,90,140,60,60,40,465,forretress,https://play.pokemonshowdown.com/sprites/gen5/forretress.png
=IMAGE(Q297),204,DUNSPARCE,0,Dunsparce,-,Normal,,100,70,70,65,65,45,415,dunsparce,https://play.pokemonshowdown.com/sprites/gen5/dunsparce.png
=IMAGE(Q298),205,GLIGAR,0,Gligar,-,Ground,Flying,65,75,105,35,65,85,430,gligar,https://play.pokemonshowdown.com/sprites/gen5/gligar.png
=IMAGE(Q299),206,STEELIX,0,Steelix,-,Steel,Ground,75,85,200,55,65,30,510,steelix,https://play.pokemonshowdown.com/sprites/gen5/steelix.png
=IMAGE(Q300),206,STEELIX,1,Steelix (Mega Steelix),Mega Steelix,Steel,Ground,75,125,230,55,95,30,610,steelix-mega,https://play.pokemonshowdown.com/sprites/gen5/steelix-mega.png
=IMAGE(Q301),207,SNUBBULL,0,Snubbull,-,Fairy,,60,80,50,40,40,30,300,snubbull,https://play.pokemonshowdown.com/sprites/gen5/snubbull.png
=IMAGE(Q302),208,GRANBULL,0,Granbull,-,Fairy,,90,120,75,60,60,45,450,granbull,https://play.pokemonshowdown.com/sprites/gen5/granbull.png
=IMAGE(Q303),209,QWILFISH,0,Qwilfish,-,Water,Poison,65,95,85,55,55,85,440,qwilfish,https://play.pokemonshowdown.com/sprites/gen5/qwilfish.png
=IMAGE(Q304),209,QWILFISH,1,Qwilfish (Hisuian),Hisuian,Dark,Poison,65,95,85,55,55,85,440,qwilfish-hisui,https://play.pokemonshowdown.com/sprites/gen5/qwilfish-hisui.png
=IMAGE(Q305),210,SCIZOR,0,Scizor,-,Bug,Steel,70,130,100,55,80,65,500,scizor,https://play.pokemonshowdown.com/sprites/gen5/scizor.png
=IMAGE(Q306),210,SCIZOR,1,Scizor (Mega Scizor),Mega Scizor,Bug,Steel,70,150,140,100,75,65,600,scizor-mega,https://play.pokemonshowdown.com/sprites/gen5/scizor-mega.png
=IMAGE(Q307),211,SHUCKLE,0,Shuckle,-,Bug,Rock,20,10,230,10,230,5,505,shuckle,https://play.pokemonshowdown.com/sprites/gen5/shuckle.png
=IMAGE(Q308),212,HERACROSS,0,Heracross,-,Bug,Fighting,80,125,75,40,95,85,500,heracross,https://play.pokemonshowdown.com/sprites/gen5/heracross.png
=IMAGE(Q309),212,HERACROSS,1,Heracross (Mega Heracross),Mega Heracross,Bug,Fighting,80,185,115,40,105,75,600,heracross-mega,https://play.pokemonshowdown.com/sprites/gen5/heracross-mega.png
=IMAGE(Q310),213,SNEASEL,0,Sneasel,-,Dark,Ice,55,95,55,35,75,115,430,sneasel,https://play.pokemonshowdown.com/sprites/gen5/sneasel.png
=IMAGE(Q311),213,SNEASEL,1,Sneasel (Hisuian),Hisuian,Fighting,Poison,55,95,55,35,75,115,430,sneasel-hisui,https://play.pokemonshowdown.com/sprites/gen5/sneasel-hisui.png
=IMAGE(Q312),214,TEDDIURSA,0,Teddiursa,-,Normal,,60,80,50,50,50,40,330,teddiursa,https://play.pokemonshowdown.com/sprites/gen5/teddiursa.png
=IMAGE(Q313),215,URSARING,0,Ursaring,-,Normal,,90,130,75,75,75,55,500,ursaring,https://play.pokemonshowdown.com/sprites/gen5/ursaring.png
=IMAGE(Q314),216,SLUGMA,0,Slugma,-,Fire,,40,40,40,70,40,20,250,slugma,https://play.pokemonshowdown.com/sprites/gen5/slugma.png
=IMAGE(Q315),217,MAGCARGO,0,Magcargo,-,Fire,Rock,60,50,120,90,80,30,430,magcargo,https://play.pokemonshowdown.com/sprites/gen5/magcargo.png
=IMAGE(Q316),218,SWINUB,0,Swinub,-,Ice,Ground,50,50,40,30,30,50,250,swinub,https://play.pokemonshowdown.com/sprites/gen5/swinub.png
=IMAGE(Q317),219,PILOSWINE,0,Piloswine,-,Ice,Ground,100,100,80,60,60,50,450,piloswine,https://play.pokemonshowdown.com/sprites/gen5/piloswine.png
=IMAGE(Q318),220,CORSOLA,0,Corsola,-,Water,Rock,65,55,95,65,95,35,410,corsola,https://play.pokemonshowdown.com/sprites/gen5/corsola.png
=IMAGE(Q319),220,CORSOLA,1,Corsola (Galarian),Galarian,Ghost,,60,55,100,65,100,30,410,corsola-galar,https://play.pokemonshowdown.com/sprites/gen5/corsola-galar.png
=IMAGE(Q320),221,REMORAID,0,Remoraid,-,Water,,35,65,35,65,35,65,300,remoraid,https://play.pokemonshowdown.com/sprites/gen5/remoraid.png
=IMAGE(Q321),222,OCTILLERY,0,Octillery,-,Water,,75,105,75,105,75,45,480,octillery,https://play.pokemonshowdown.com/sprites/gen5/octillery.png
=IMAGE(Q322),223,DELIBIRD,0,Delibird,-,Ice,Flying,45,55,45,65,45,75,330,delibird,https://play.pokemonshowdown.com/sprites/gen5/delibird.png
=IMAGE(Q323),224,MANTINE,0,Mantine,-,Water,Flying,85,40,70,80,140,70,485,mantine,https://play.pokemonshowdown.com/sprites/gen5/mantine.png
=IMAGE(Q324),225,SKARMORY,0,Skarmory,-,Steel,Flying,65,80,140,40,70,70,465,skarmory,https://play.pokemonshowdown.com/sprites/gen5/skarmory.png
=IMAGE(Q325),225,SKARMORY,1,Skarmory (Mega Skarmory),Mega Skarmory,Steel,Flying,65,140,110,40,100,110,565,skarmory-mega,https://play.pokemonshowdown.com/sprites/gen5/skarmory-mega.png
=IMAGE(Q326),226,HOUNDOUR,0,Houndour,-,Dark,Fire,45,60,30,80,50,65,330,houndour,https://play.pokemonshowdown.com/sprites/gen5/houndour.png
=IMAGE(Q327),227,HOUNDOOM,0,Houndoom,-,Dark,Fire,75,90,50,110,80,95,500,houndoom,https://play.pokemonshowdown.com/sprites/gen5/houndoom.png
=IMAGE(Q328),227,HOUNDOOM,1,Houndoom (Mega Houndoom),Mega Houndoom,Dark,Fire,75,90,90,140,90,115,600,houndoom-mega,https://play.pokemonshowdown.com/sprites/gen5/houndoom-mega.png
=IMAGE(Q329),228,KINGDRA,0,Kingdra,-,Water,Dragon,75,95,95,95,95,85,540,kingdra,https://play.pokemonshowdown.com/sprites/gen5/kingdra.png
=IMAGE(Q330),229,PHANPY,0,Phanpy,-,Ground,,90,60,60,40,40,40,330,phanpy,https://play.pokemonshowdown.com/sprites/gen5/phanpy.png
=IMAGE(Q331),230,DONPHAN,0,Donphan,-,Ground,,90,120,120,60,60,50,500,donphan,https://play.pokemonshowdown.com/sprites/gen5/donphan.png
=IMAGE(Q332),231,PORYGON2,0,Porygon2,-,Normal,,85,80,90,105,95,60,515,porygon2,https://play.pokemonshowdown.com/sprites/gen5/porygon2.png
=IMAGE(Q333),232,STANTLER,0,Stantler,-,Normal,,73,95,62,85,65,85,465,stantler,https://play.pokemonshowdown.com/sprites/gen5/stantler.png
=IMAGE(Q334),233,SMEARGLE,0,Smeargle,-,Normal,,55,20,35,20,45,75,250,smeargle,https://play.pokemonshowdown.com/sprites/gen5/smeargle.png
=IMAGE(Q335),234,TYROGUE,0,Tyrogue,-,Fighting,,35,35,35,35,35,35,210,tyrogue,https://play.pokemonshowdown.com/sprites/gen5/tyrogue.png
=IMAGE(Q336),235,HITMONTOP,0,Hitmontop,-,Fighting,,50,95,95,35,110,70,455,hitmontop,https://play.pokemonshowdown.com/sprites/gen5/hitmontop.png
=IMAGE(Q337),236,SMOOCHUM,0,Smoochum,-,Ice,Psychic,45,30,15,85,65,65,305,smoochum,https://play.pokemonshowdown.com/sprites/gen5/smoochum.png
=IMAGE(Q338),237,ELEKID,0,Elekid,-,Electric,,45,63,37,65,55,95,360,elekid,https://play.pokemonshowdown.com/sprites/gen5/elekid.png
=IMAGE(Q339),238,MAGBY,0,Magby,-,Fire,,45,75,37,70,55,83,365,magby,https://play.pokemonshowdown.com/sprites/gen5/magby.png
=IMAGE(Q340),239,MILTANK,0,Miltank,-,Normal,,95,80,105,40,70,100,490,miltank,https://play.pokemonshowdown.com/sprites/gen5/miltank.png
=IMAGE(Q341),240,BLISSEY,0,Blissey,-,Normal,,255,10,10,75,135,55,540,blissey,https://play.pokemonshowdown.com/sprites/gen5/blissey.png
=IMAGE(Q342),241,RAIKOU,0,Raikou,-,Electric,,90,85,75,115,100,115,580,raikou,https://play.pokemonshowdown.com/sprites/gen5/raikou.png
=IMAGE(Q343),242,ENTEI,0,Entei,-,Fire,,115,115,85,90,75,100,580,entei,https://play.pokemonshowdown.com/sprites/gen5/entei.png
=IMAGE(Q344),243,SUICUNE,0,Suicune,-,Water,,100,75,115,90,115,85,580,suicune,https://play.pokemonshowdown.com/sprites/gen5/suicune.png
=IMAGE(Q345),244,LARVITAR,0,Larvitar,-,Rock,Ground,50,64,50,45,50,41,300,larvitar,https://play.pokemonshowdown.com/sprites/gen5/larvitar.png
=IMAGE(Q346),245,PUPITAR,0,Pupitar,-,Rock,Ground,70,84,70,65,70,51,410,pupitar,https://play.pokemonshowdown.com/sprites/gen5/pupitar.png
=IMAGE(Q347),246,TYRANITAR,0,Tyranitar,-,Rock,Dark,100,134,110,95,100,61,600,tyranitar,https://play.pokemonshowdown.com/sprites/gen5/tyranitar.png
=IMAGE(Q348),246,TYRANITAR,1,Tyranitar (Mega Tyranitar),Mega Tyranitar,Rock,Dark,100,164,150,95,120,71,700,tyranitar-mega,https://play.pokemonshowdown.com/sprites/gen5/tyranitar-mega.png
=IMAGE(Q349),247,LUGIA,0,Lugia,-,Psychic,Flying,106,90,130,90,154,110,680,lugia,https://play.pokemonshowdown.com/sprites/gen5/lugia.png
=IMAGE(Q350),248,HOOH,0,Ho-Oh,-,Fire,Flying,106,130,90,110,154,90,680,hooh,https://play.pokemonshowdown.com/sprites/gen5/hooh.png
=IMAGE(Q351),249,CELEBI,0,Celebi,-,Psychic,Grass,100,100,100,100,100,100,600,celebi,https://play.pokemonshowdown.com/sprites/gen5/celebi.png
=IMAGE(Q352),250,TREECKO,0,Treecko,-,Grass,,40,45,35,65,55,70,310,treecko,https://play.pokemonshowdown.com/sprites/gen5/treecko.png
=IMAGE(Q353),251,GROVYLE,0,Grovyle,-,Grass,,50,65,45,85,65,95,405,grovyle,https://play.pokemonshowdown.com/sprites/gen5/grovyle.png
=IMAGE(Q354),252,SCEPTILE,0,Sceptile,-,Grass,,70,85,65,105,85,120,530,sceptile,https://play.pokemonshowdown.com/sprites/gen5/sceptile.png
=IMAGE(Q355),252,SCEPTILE,1,Sceptile (Mega Sceptile),Mega Sceptile,Grass,Dragon,70,110,75,145,85,145,630,sceptile-mega,https://play.pokemonshowdown.com/sprites/gen5/sceptile-mega.png
=IMAGE(Q356),253,TORCHIC,0,Torchic,-,Fire,,45,60,40,70,50,45,310,torchic,https://play.pokemonshowdown.com/sprites/gen5/torchic.png
=IMAGE(Q357),254,COMBUSKEN,0,Combusken,-,Fire,Fighting,60,85,60,85,60,55,405,combusken,https://play.pokemonshowdown.com/sprites/gen5/combusken.png
=IMAGE(Q358),255,BLAZIKEN,0,Blaziken,-,Fire,Fighting,80,120,70,110,70,80,530,blaziken,https://play.pokemonshowdown.com/sprites/gen5/blaziken.png
=IMAGE(Q359),255,BLAZIKEN,1,Blaziken (Mega Blaziken),Mega Blaziken,Fire,Fighting,80,160,80,130,80,100,630,blaziken-mega,https://play.pokemonshowdown.com/sprites/gen5/blaziken-mega.png
=IMAGE(Q360),256,MUDKIP,0,Mudkip,-,Water,,50,70,50,50,50,40,310,mudkip,https://play.pokemonshowdown.com/sprites/gen5/mudkip.png
=IMAGE(Q361),257,MARSHTOMP,0,Marshtomp,-,Water,Ground,70,85,70,60,70,50,405,marshtomp,https://play.pokemonshowdown.com/sprites/gen5/marshtomp.png
=IMAGE(Q362),258,SWAMPERT,0,Swampert,-,Water,Ground,100,110,90,85,90,60,535,swampert,https://play.pokemonshowdown.com/sprites/gen5/swampert.png
=IMAGE(Q363),258,SWAMPERT,1,Swampert (Mega Swampert),Mega Swampert,Water,Ground,100,150,110,95,110,70,635,swampert-mega,https://play.pokemonshowdown.com/sprites/gen5/swampert-mega.png
=IMAGE(Q364),259,POOCHYENA,0,Poochyena,-,Dark,,35,55,35,30,30,35,220,poochyena,https://play.pokemonshowdown.com/sprites/gen5/poochyena.png
=IMAGE(Q365),260,MIGHTYENA,0,Mightyena,-,Dark,,70,90,70,60,60,70,420,mightyena,https://play.pokemonshowdown.com/sprites/gen5/mightyena.png
=IMAGE(Q366),261,ZIGZAGOON,0,Zigzagoon,-,Normal,,38,30,41,30,41,60,240,zigzagoon,https://play.pokemonshowdown.com/sprites/gen5/zigzagoon.png
=IMAGE(Q367),261,ZIGZAGOON,1,Zigzagoon (Galarian),Galarian,Dark,Normal,38,30,41,30,41,60,240,zigzagoon-galar,https://play.pokemonshowdown.com/sprites/gen5/zigzagoon-galar.png
=IMAGE(Q368),262,LINOONE,0,Linoone,-,Normal,,78,70,61,50,61,100,420,linoone,https://play.pokemonshowdown.com/sprites/gen5/linoone.png
=IMAGE(Q369),262,LINOONE,1,Linoone (Galarian),Galarian,Dark,Normal,78,70,61,50,61,100,420,linoone-galar,https://play.pokemonshowdown.com/sprites/gen5/linoone-galar.png
=IMAGE(Q370),263,WURMPLE,0,Wurmple,-,Bug,,45,45,35,20,30,20,195,wurmple,https://play.pokemonshowdown.com/sprites/gen5/wurmple.png
=IMAGE(Q371),264,SILCOON,0,Silcoon,-,Bug,,50,35,55,25,25,15,205,silcoon,https://play.pokemonshowdown.com/sprites/gen5/silcoon.png
=IMAGE(Q372),265,BEAUTIFLY,0,Beautifly,-,Bug,Flying,60,70,50,100,50,65,395,beautifly,https://play.pokemonshowdown.com/sprites/gen5/beautifly.png
=IMAGE(Q373),266,CASCOON,0,Cascoon,-,Bug,,50,35,55,25,25,15,205,cascoon,https://play.pokemonshowdown.com/sprites/gen5/cascoon.png
=IMAGE(Q374),267,DUSTOX,0,Dustox,-,Bug,Poison,60,50,70,50,90,65,385,dustox,https://play.pokemonshowdown.com/sprites/gen5/dustox.png
=IMAGE(Q375),268,LOTAD,0,Lotad,-,Water,Grass,40,30,30,40,50,30,220,lotad,https://play.pokemonshowdown.com/sprites/gen5/lotad.png
=IMAGE(Q376),269,LOMBRE,0,Lombre,-,Water,Grass,60,50,50,60,70,50,340,lombre,https://play.pokemonshowdown.com/sprites/gen5/lombre.png
=IMAGE(Q377),270,LUDICOLO,0,Ludicolo,-,Water,Grass,80,70,70,90,100,70,480,ludicolo,https://play.pokemonshowdown.com/sprites/gen5/ludicolo.png
=IMAGE(Q378),271,SEEDOT,0,Seedot,-,Grass,,40,40,50,30,30,30,220,seedot,https://play.pokemonshowdown.com/sprites/gen5/seedot.png
=IMAGE(Q379),272,NUZLEAF,0,Nuzleaf,-,Grass,Dark,70,70,40,60,40,60,340,nuzleaf,https://play.pokemonshowdown.com/sprites/gen5/nuzleaf.png
=IMAGE(Q380),273,SHIFTRY,0,Shiftry,-,Grass,Dark,90,100,60,90,60,80,480,shiftry,https://play.pokemonshowdown.com/sprites/gen5/shiftry.png
=IMAGE(Q381),274,TAILLOW,0,Taillow,-,Normal,Flying,40,55,30,30,30,85,270,taillow,https://play.pokemonshowdown.com/sprites/gen5/taillow.png
=IMAGE(Q382),275,SWELLOW,0,Swellow,-,Normal,Flying,60,85,60,75,50,125,455,swellow,https://play.pokemonshowdown.com/sprites/gen5/swellow.png
=IMAGE(Q383),276,WINGULL,0,Wingull,-,Water,Flying,40,30,30,55,30,85,270,wingull,https://play.pokemonshowdown.com/sprites/gen5/wingull.png
=IMAGE(Q384),277,PELIPPER,0,Pelipper,-,Water,Flying,60,50,100,95,70,65,440,pelipper,https://play.pokemonshowdown.com/sprites/gen5/pelipper.png
=IMAGE(Q385),278,RALTS,0,Ralts,-,Psychic,Fairy,28,25,25,45,35,40,198,ralts,https://play.pokemonshowdown.com/sprites/gen5/ralts.png
=IMAGE(Q386),279,KIRLIA,0,Kirlia,-,Psychic,Fairy,38,35,35,65,55,50,278,kirlia,https://play.pokemonshowdown.com/sprites/gen5/kirlia.png
=IMAGE(Q387),280,GARDEVOIR,0,Gardevoir,-,Psychic,Fairy,68,65,65,125,115,80,518,gardevoir,https://play.pokemonshowdown.com/sprites/gen5/gardevoir.png
=IMAGE(Q388),280,GARDEVOIR,1,Gardevoir (Mega Gardevoir),Mega Gardevoir,Psychic,Fairy,68,85,65,165,135,100,618,gardevoir-mega,https://play.pokemonshowdown.com/sprites/gen5/gardevoir-mega.png
=IMAGE(Q389),281,SURSKIT,0,Surskit,-,Bug,Water,40,30,32,50,52,65,269,surskit,https://play.pokemonshowdown.com/sprites/gen5/surskit.png
=IMAGE(Q390),282,MASQUERAIN,0,Masquerain,-,Bug,Flying,70,60,62,100,82,80,454,masquerain,https://play.pokemonshowdown.com/sprites/gen5/masquerain.png
=IMAGE(Q391),283,SHROOMISH,0,Shroomish,-,Grass,,60,40,60,40,60,35,295,shroomish,https://play.pokemonshowdown.com/sprites/gen5/shroomish.png
=IMAGE(Q392),284,BRELOOM,0,Breloom,-,Grass,Fighting,60,130,80,60,60,70,460,breloom,https://play.pokemonshowdown.com/sprites/gen5/breloom.png
=IMAGE(Q393),285,SLAKOTH,0,Slakoth,-,Normal,,60,60,60,35,35,30,280,slakoth,https://play.pokemonshowdown.com/sprites/gen5/slakoth.png
=IMAGE(Q394),286,VIGOROTH,0,Vigoroth,-,Normal,,80,80,80,55,55,90,440,vigoroth,https://play.pokemonshowdown.com/sprites/gen5/vigoroth.png
=IMAGE(Q395),287,SLAKING,0,Slaking,-,Normal,,150,160,100,95,65,100,670,slaking,https://play.pokemonshowdown.com/sprites/gen5/slaking.png
=IMAGE(Q396),288,NINCADA,0,Nincada,-,Bug,Ground,31,45,90,30,30,40,266,nincada,https://play.pokemonshowdown.com/sprites/gen5/nincada.png
=IMAGE(Q397),289,NINJASK,0,Ninjask,-,Bug,Flying,61,90,45,50,50,160,456,ninjask,https://play.pokemonshowdown.com/sprites/gen5/ninjask.png
=IMAGE(Q398),290,SHEDINJA,0,Shedinja,-,Bug,Ghost,1,90,45,30,30,40,236,shedinja,https://play.pokemonshowdown.com/sprites/gen5/shedinja.png
=IMAGE(Q399),291,WHISMUR,0,Whismur,-,Normal,,64,51,23,51,23,28,240,whismur,https://play.pokemonshowdown.com/sprites/gen5/whismur.png
=IMAGE(Q400),292,LOUDRED,0,Loudred,-,Normal,,84,71,43,71,43,48,360,loudred,https://play.pokemonshowdown.com/sprites/gen5/loudred.png
=IMAGE(Q401),293,EXPLOUD,0,Exploud,-,Normal,,104,91,63,91,73,68,490,exploud,https://play.pokemonshowdown.com/sprites/gen5/exploud.png
=IMAGE(Q402),294,MAKUHITA,0,Makuhita,-,Fighting,,72,60,30,20,30,25,237,makuhita,https://play.pokemonshowdown.com/sprites/gen5/makuhita.png
=IMAGE(Q403),295,HARIYAMA,0,Hariyama,-,Fighting,,144,120,60,40,60,50,474,hariyama,https://play.pokemonshowdown.com/sprites/gen5/hariyama.png
=IMAGE(Q404),296,AZURILL,0,Azurill,-,Normal,Fairy,50,20,40,20,40,20,190,azurill,https://play.pokemonshowdown.com/sprites/gen5/azurill.png
=IMAGE(Q405),297,NOSEPASS,0,Nosepass,-,Rock,,30,45,135,45,90,30,375,nosepass,https://play.pokemonshowdown.com/sprites/gen5/nosepass.png
=IMAGE(Q406),298,SKITTY,0,Skitty,-,Normal,,50,45,45,35,35,50,260,skitty,https://play.pokemonshowdown.com/sprites/gen5/skitty.png
=IMAGE(Q407),299,DELCATTY,0,Delcatty,-,Normal,,70,65,65,55,55,90,400,delcatty,https://play.pokemonshowdown.com/sprites/gen5/delcatty.png
=IMAGE(Q408),300,SABLEYE,0,Sableye,-,Dark,Ghost,50,75,75,65,65,50,380,sableye,https://play.pokemonshowdown.com/sprites/gen5/sableye.png
=IMAGE(Q409),300,SABLEYE,1,Sableye (Mega Sableye),Mega Sableye,Dark,Ghost,50,85,125,85,115,20,480,sableye-mega,https://play.pokemonshowdown.com/sprites/gen5/sableye-mega.png
=IMAGE(Q410),301,MAWILE,0,Mawile,-,Steel,Fairy,50,85,85,55,55,50,380,mawile,https://play.pokemonshowdown.com/sprites/gen5/mawile.png
=IMAGE(Q411),301,MAWILE,1,Mawile (Mega Mawile),Mega Mawile,Steel,Fairy,50,105,125,55,95,50,480,mawile-mega,https://play.pokemonshowdown.com/sprites/gen5/mawile-mega.png
=IMAGE(Q412),302,ARON,0,Aron,-,Steel,Rock,50,70,100,40,40,30,330,aron,https://play.pokemonshowdown.com/sprites/gen5/aron.png
=IMAGE(Q413),303,LAIRON,0,Lairon,-,Steel,Rock,60,90,140,50,50,40,430,lairon,https://play.pokemonshowdown.com/sprites/gen5/lairon.png
=IMAGE(Q414),304,AGGRON,0,Aggron,-,Steel,Rock,70,110,180,60,60,50,530,aggron,https://play.pokemonshowdown.com/sprites/gen5/aggron.png
=IMAGE(Q415),304,AGGRON,1,Aggron (Mega Aggron),Mega Aggron,Steel,,70,140,230,60,80,50,630,aggron-mega,https://play.pokemonshowdown.com/sprites/gen5/aggron-mega.png
=IMAGE(Q416),305,MEDITITE,0,Meditite,-,Fighting,Psychic,30,40,55,40,55,60,280,meditite,https://play.pokemonshowdown.com/sprites/gen5/meditite.png
=IMAGE(Q417),306,MEDICHAM,0,Medicham,-,Fighting,Psychic,60,60,75,60,75,80,410,medicham,https://play.pokemonshowdown.com/sprites/gen5/medicham.png
=IMAGE(Q418),306,MEDICHAM,1,Medicham (Mega Medicham),Mega Medicham,Fighting,Psychic,60,100,85,80,85,100,510,medicham-mega,https://play.pokemonshowdown.com/sprites/gen5/medicham-mega.png
=IMAGE(Q419),307,ELECTRIKE,0,Electrike,-,Electric,,40,45,40,65,40,65,295,electrike,https://play.pokemonshowdown.com/sprites/gen5/electrike.png
=IMAGE(Q420),308,MANECTRIC,0,Manectric,-,Electric,,70,75,60,105,60,105,475,manectric,https://play.pokemonshowdown.com/sprites/gen5/manectric.png
=IMAGE(Q421),308,MANECTRIC,1,Manectric (Mega Manectric),Mega Manectric,Electric,,70,75,80,135,80,135,575,manectric-mega,https://play.pokemonshowdown.com/sprites/gen5/manectric-mega.png
=IMAGE(Q422),309,PLUSLE,0,Plusle,-,Electric,,60,50,40,85,75,95,405,plusle,https://play.pokemonshowdown.com/sprites/gen5/plusle.png
=IMAGE(Q423),310,MINUN,0,Minun,-,Electric,,60,40,50,75,85,95,405,minun,https://play.pokemonshowdown.com/sprites/gen5/minun.png
=IMAGE(Q424),311,VOLBEAT,0,Volbeat,-,Bug,,65,73,75,47,85,85,430,volbeat,https://play.pokemonshowdown.com/sprites/gen5/volbeat.png
=IMAGE(Q425),312,ILLUMISE,0,Illumise,-,Bug,,65,47,75,73,85,85,430,illumise,https://play.pokemonshowdown.com/sprites/gen5/illumise.png
=IMAGE(Q426),313,ROSELIA,0,Roselia,-,Grass,Poison,50,60,45,100,80,65,400,roselia,https://play.pokemonshowdown.com/sprites/gen5/roselia.png
=IMAGE(Q427),314,GULPIN,0,Gulpin,-,Poison,,70,43,53,43,53,40,302,gulpin,https://play.pokemonshowdown.com/sprites/gen5/gulpin.png
=IMAGE(Q428),315,SWALOT,0,Swalot,-,Poison,,100,73,83,73,83,55,467,swalot,https://play.pokemonshowdown.com/sprites/gen5/swalot.png
=IMAGE(Q429),316,CARVANHA,0,Carvanha,-,Water,Dark,45,90,20,65,20,65,305,carvanha,https://play.pokemonshowdown.com/sprites/gen5/carvanha.png
=IMAGE(Q430),317,SHARPEDO,0,Sharpedo,-,Water,Dark,70,120,40,95,40,95,460,sharpedo,https://play.pokemonshowdown.com/sprites/gen5/sharpedo.png
=IMAGE(Q431),317,SHARPEDO,1,Sharpedo (Mega Sharpedo),Mega Sharpedo,Water,Dark,70,140,70,110,65,105,560,sharpedo-mega,https://play.pokemonshowdown.com/sprites/gen5/sharpedo-mega.png
=IMAGE(Q432),318,WAILMER,0,Wailmer,-,Water,,130,70,35,70,35,60,400,wailmer,https://play.pokemonshowdown.com/sprites/gen5/wailmer.png
=IMAGE(Q433),319,WAILORD,0,Wailord,-,Water,,170,90,45,90,45,60,500,wailord,https://play.pokemonshowdown.com/sprites/gen5/wailord.png
=IMAGE(Q434),320,NUMEL,0,Numel,-,Fire,Ground,60,60,40,65,45,35,305,numel,https://play.pokemonshowdown.com/sprites/gen5/numel.png
=IMAGE(Q435),321,CAMERUPT,0,Camerupt,-,Fire,Ground,70,100,70,105,75,40,460,camerupt,https://play.pokemonshowdown.com/sprites/gen5/camerupt.png
=IMAGE(Q436),321,CAMERUPT,1,Camerupt (Mega Camerupt),Mega Camerupt,Fire,Ground,70,120,100,145,105,20,560,camerupt-mega,https://play.pokemonshowdown.com/sprites/gen5/camerupt-mega.png
=IMAGE(Q437),322,TORKOAL,0,Torkoal,-,Fire,,70,85,140,85,70,20,470,torkoal,https://play.pokemonshowdown.com/sprites/gen5/torkoal.png
=IMAGE(Q438),323,SPOINK,0,Spoink,-,Psychic,,60,25,35,70,80,60,330,spoink,https://play.pokemonshowdown.com/sprites/gen5/spoink.png
=IMAGE(Q439),324,GRUMPIG,0,Grumpig,-,Psychic,,80,45,65,90,110,80,470,grumpig,https://play.pokemonshowdown.com/sprites/gen5/grumpig.png
=IMAGE(Q440),325,SPINDA,0,Spinda,-,Normal,,60,60,60,60,60,60,360,spinda,https://play.pokemonshowdown.com/sprites/gen5/spinda.png
=IMAGE(Q441),326,TRAPINCH,0,Trapinch,-,Ground,,45,100,45,45,45,10,290,trapinch,https://play.pokemonshowdown.com/sprites/gen5/trapinch.png
=IMAGE(Q442),327,VIBRAVA,0,Vibrava,-,Ground,Dragon,50,70,50,50,50,70,340,vibrava,https://play.pokemonshowdown.com/sprites/gen5/vibrava.png
=IMAGE(Q443),328,FLYGON,0,Flygon,-,Ground,Dragon,80,100,80,80,80,100,520,flygon,https://play.pokemonshowdown.com/sprites/gen5/flygon.png
=IMAGE(Q444),329,CACNEA,0,Cacnea,-,Grass,,50,85,40,85,40,35,335,cacnea,https://play.pokemonshowdown.com/sprites/gen5/cacnea.png
=IMAGE(Q445),330,CACTURNE,0,Cacturne,-,Grass,Dark,70,115,60,115,60,55,475,cacturne,https://play.pokemonshowdown.com/sprites/gen5/cacturne.png
=IMAGE(Q446),331,SWABLU,0,Swablu,-,Normal,Flying,45,40,60,40,75,50,310,swablu,https://play.pokemonshowdown.com/sprites/gen5/swablu.png
=IMAGE(Q447),332,ALTARIA,0,Altaria,-,Dragon,Flying,75,70,90,70,105,80,490,altaria,https://play.pokemonshowdown.com/sprites/gen5/altaria.png
=IMAGE(Q448),332,ALTARIA,1,Altaria (Mega Altaria),Mega Altaria,Dragon,Fairy,75,110,110,110,105,80,590,altaria-mega,https://play.pokemonshowdown.com/sprites/gen5/altaria-mega.png
=IMAGE(Q449),333,ZANGOOSE,0,Zangoose,-,Normal,,73,115,60,60,60,90,458,zangoose,https://play.pokemonshowdown.com/sprites/gen5/zangoose.png
=IMAGE(Q450),334,SEVIPER,0,Seviper,-,Poison,,73,100,60,100,60,65,458,seviper,https://play.pokemonshowdown.com/sprites/gen5/seviper.png
=IMAGE(Q451),335,LUNATONE,0,Lunatone,-,Rock,Psychic,90,55,65,95,85,70,460,lunatone,https://play.pokemonshowdown.com/sprites/gen5/lunatone.png
=IMAGE(Q452),336,SOLROCK,0,Solrock,-,Rock,Psychic,90,95,85,55,65,70,460,solrock,https://play.pokemonshowdown.com/sprites/gen5/solrock.png
=IMAGE(Q453),337,BARBOACH,0,Barboach,-,Water,Ground,50,48,43,46,41,60,288,barboach,https://play.pokemonshowdown.com/sprites/gen5/barboach.png
=IMAGE(Q454),338,WHISCASH,0,Whiscash,-,Water,Ground,110,78,73,76,71,60,468,whiscash,https://play.pokemonshowdown.com/sprites/gen5/whiscash.png
=IMAGE(Q455),339,CORPHISH,0,Corphish,-,Water,,43,80,65,50,35,35,308,corphish,https://play.pokemonshowdown.com/sprites/gen5/corphish.png
=IMAGE(Q456),340,CRAWDAUNT,0,Crawdaunt,-,Water,Dark,63,120,85,90,55,55,468,crawdaunt,https://play.pokemonshowdown.com/sprites/gen5/crawdaunt.png
=IMAGE(Q457),341,BALTOY,0,Baltoy,-,Ground,Psychic,40,40,55,40,70,55,300,baltoy,https://play.pokemonshowdown.com/sprites/gen5/baltoy.png
=IMAGE(Q458),342,CLAYDOL,0,Claydol,-,Ground,Psychic,60,70,105,70,120,75,500,claydol,https://play.pokemonshowdown.com/sprites/gen5/claydol.png
=IMAGE(Q459),343,LILEEP,0,Lileep,-,Rock,Grass,66,41,77,61,87,23,355,lileep,https://play.pokemonshowdown.com/sprites/gen5/lileep.png
=IMAGE(Q460),344,CRADILY,0,Cradily,-,Rock,Grass,86,81,97,81,107,43,495,cradily,https://play.pokemonshowdown.com/sprites/gen5/cradily.png
=IMAGE(Q461),345,ANORITH,0,Anorith,-,Rock,Bug,45,95,50,40,50,75,355,anorith,https://play.pokemonshowdown.com/sprites/gen5/anorith.png
=IMAGE(Q462),346,ARMALDO,0,Armaldo,-,Rock,Bug,75,125,100,70,80,45,495,armaldo,https://play.pokemonshowdown.com/sprites/gen5/armaldo.png
=IMAGE(Q463),347,FEEBAS,0,Feebas,-,Water,,20,15,20,10,55,80,200,feebas,https://play.pokemonshowdown.com/sprites/gen5/feebas.png
=IMAGE(Q464),348,MILOTIC,0,Milotic,-,Water,,95,60,79,100,125,81,540,milotic,https://play.pokemonshowdown.com/sprites/gen5/milotic.png
=IMAGE(Q465),349,CASTFORM,0,Castform (Normal Form),-,Normal,,70,70,70,70,70,70,420,castform,https://play.pokemonshowdown.com/sprites/gen5/castform.png
=IMAGE(Q466),349,CASTFORM,1,Castform (Sunny Form),Sunny Form,Fire,,70,70,70,70,70,70,420,castform-sunny,https://play.pokemonshowdown.com/sprites/gen5/castform-sunny.png
=IMAGE(Q467),349,CASTFORM,2,Castform (Rainy Form),Rainy Form,Water,,70,70,70,70,70,70,420,castform-rainy,https://play.pokemonshowdown.com/sprites/gen5/castform-rainy.png
=IMAGE(Q468),349,CASTFORM,3,Castform (Snowy Form),Snowy Form,Ice,,70,70,70,70,70,70,420,castform-snowy,https://play.pokemonshowdown.com/sprites/gen5/castform-snowy.png
=IMAGE(Q469),350,KECLEON,0,Kecleon,-,Normal,,60,90,70,60,120,40,440,kecleon,https://play.pokemonshowdown.com/sprites/gen5/kecleon.png
=IMAGE(Q470),351,SHUPPET,0,Shuppet,-,Ghost,,44,75,35,63,33,45,295,shuppet,https://play.pokemonshowdown.com/sprites/gen5/shuppet.png
=IMAGE(Q471),352,BANETTE,0,Banette,-,Ghost,,64,115,65,83,63,65,455,banette,https://play.pokemonshowdown.com/sprites/gen5/banette.png
=IMAGE(Q472),352,BANETTE,1,Banette (Mega Banette),Mega Banette,Ghost,,64,165,75,93,83,75,555,banette-mega,https://play.pokemonshowdown.com/sprites/gen5/banette-mega.png
=IMAGE(Q473),353,DUSKULL,0,Duskull,-,Ghost,,20,40,90,30,90,25,295,duskull,https://play.pokemonshowdown.com/sprites/gen5/duskull.png
=IMAGE(Q474),354,DUSCLOPS,0,Dusclops,-,Ghost,,40,70,130,60,130,25,455,dusclops,https://play.pokemonshowdown.com/sprites/gen5/dusclops.png
=IMAGE(Q475),355,TROPIUS,0,Tropius,-,Grass,Flying,99,68,83,72,87,51,460,tropius,https://play.pokemonshowdown.com/sprites/gen5/tropius.png
=IMAGE(Q476),356,CHIMECHO,0,Chimecho,-,Psychic,,75,50,80,95,90,65,455,chimecho,https://play.pokemonshowdown.com/sprites/gen5/chimecho.png
=IMAGE(Q477),356,CHIMECHO,1,Chimecho (Mega Chimecho),Mega Chimecho,Psychic,Steel,75,50,110,135,120,65,555,chimecho-mega,https://play.pokemonshowdown.com/sprites/gen5/chimecho-mega.png
=IMAGE(Q478),357,ABSOL,0,Absol,-,Dark,,65,130,60,75,60,75,465,absol,https://play.pokemonshowdown.com/sprites/gen5/absol.png
=IMAGE(Q479),357,ABSOL,1,Absol (Mega Absol),Mega Absol,Dark,,65,150,60,115,60,115,565,absol-mega,https://play.pokemonshowdown.com/sprites/gen5/absol-mega.png
=IMAGE(Q480),357,ABSOL,2,Absol (Mega Absol Z),Mega Absol Z,Dark,Ghost,65,154,60,75,60,151,565,absol-megaz,https://play.pokemonshowdown.com/sprites/gen5/absol-megaz.png
=IMAGE(Q481),358,WYNAUT,0,Wynaut,-,Psychic,,95,23,48,23,48,23,260,wynaut,https://play.pokemonshowdown.com/sprites/gen5/wynaut.png
=IMAGE(Q482),359,SNORUNT,0,Snorunt,-,Ice,,50,50,50,50,50,50,300,snorunt,https://play.pokemonshowdown.com/sprites/gen5/snorunt.png
=IMAGE(Q483),360,GLALIE,0,Glalie,-,Ice,,80,80,80,80,80,80,480,glalie,https://play.pokemonshowdown.com/sprites/gen5/glalie.png
=IMAGE(Q484),360,GLALIE,1,Glalie (Mega Glalie),Mega Glalie,Ice,,80,120,80,120,80,100,580,glalie-mega,https://play.pokemonshowdown.com/sprites/gen5/glalie-mega.png
=IMAGE(Q485),361,SPHEAL,0,Spheal,-,Ice,Water,70,40,50,55,50,25,290,spheal,https://play.pokemonshowdown.com/sprites/gen5/spheal.png
=IMAGE(Q486),362,SEALEO,0,Sealeo,-,Ice,Water,90,60,70,75,70,45,410,sealeo,https://play.pokemonshowdown.com/sprites/gen5/sealeo.png
=IMAGE(Q487),363,WALREIN,0,Walrein,-,Ice,Water,110,80,90,95,90,65,530,walrein,https://play.pokemonshowdown.com/sprites/gen5/walrein.png
=IMAGE(Q488),364,CLAMPERL,0,Clamperl,-,Water,,35,64,85,74,55,32,345,clamperl,https://play.pokemonshowdown.com/sprites/gen5/clamperl.png
=IMAGE(Q489),365,HUNTAIL,0,Huntail,-,Water,,55,104,105,94,75,52,485,huntail,https://play.pokemonshowdown.com/sprites/gen5/huntail.png
=IMAGE(Q490),366,GOREBYSS,0,Gorebyss,-,Water,,55,84,105,114,75,52,485,gorebyss,https://play.pokemonshowdown.com/sprites/gen5/gorebyss.png
=IMAGE(Q491),367,RELICANTH,0,Relicanth,-,Water,Rock,100,90,130,45,65,55,485,relicanth,https://play.pokemonshowdown.com/sprites/gen5/relicanth.png
=IMAGE(Q492),368,LUVDISC,0,Luvdisc,-,Water,,43,30,55,40,65,97,330,luvdisc,https://play.pokemonshowdown.com/sprites/gen5/luvdisc.png
=IMAGE(Q493),369,BAGON,0,Bagon,-,Dragon,,45,75,60,40,30,50,300,bagon,https://play.pokemonshowdown.com/sprites/gen5/bagon.png
=IMAGE(Q494),370,SHELGON,0,Shelgon,-,Dragon,,65,95,100,60,50,50,420,shelgon,https://play.pokemonshowdown.com/sprites/gen5/shelgon.png
=IMAGE(Q495),371,SALAMENCE,0,Salamence,-,Dragon,Flying,95,135,80,110,80,100,600,salamence,https://play.pokemonshowdown.com/sprites/gen5/salamence.png
=IMAGE(Q496),371,SALAMENCE,1,Salamence (Mega Salamence),Mega Salamence,Dragon,Flying,95,145,130,120,90,120,700,salamence-mega,https://play.pokemonshowdown.com/sprites/gen5/salamence-mega.png
=IMAGE(Q497),372,BELDUM,0,Beldum,-,Steel,Psychic,40,55,80,35,60,30,300,beldum,https://play.pokemonshowdown.com/sprites/gen5/beldum.png
=IMAGE(Q498),373,METANG,0,Metang,-,Steel,Psychic,60,75,100,55,80,50,420,metang,https://play.pokemonshowdown.com/sprites/gen5/metang.png
=IMAGE(Q499),374,METAGROSS,0,Metagross,-,Steel,Psychic,80,135,130,95,90,70,600,metagross,https://play.pokemonshowdown.com/sprites/gen5/metagross.png
=IMAGE(Q500),374,METAGROSS,1,Metagross (Mega Metagross),Mega Metagross,Steel,Psychic,95,145,130,120,90,120,700,metagross-mega,https://play.pokemonshowdown.com/sprites/gen5/metagross-mega.png
=IMAGE(Q501),375,REGIROCK,0,Regirock,-,Rock,,80,100,200,50,100,50,580,regirock,https://play.pokemonshowdown.com/sprites/gen5/regirock.png
=IMAGE(Q502),376,REGICE,0,Regice,-,Ice,,80,50,100,100,200,50,580,regice,https://play.pokemonshowdown.com/sprites/gen5/regice.png
=IMAGE(Q503),377,REGISTEEL,0,Registeel,-,Steel,,80,75,150,75,150,50,580,registeel,https://play.pokemonshowdown.com/sprites/gen5/registeel.png
=IMAGE(Q504),378,LATIAS,0,Latias,-,Dragon,Psychic,80,80,90,110,130,110,600,latias,https://play.pokemonshowdown.com/sprites/gen5/latias.png
=IMAGE(Q505),378,LATIAS,1,Latias (Mega Latias),Mega Latias,Dragon,Psychic,80,100,120,140,150,110,700,latias-mega,https://play.pokemonshowdown.com/sprites/gen5/latias-mega.png
=IMAGE(Q506),379,LATIOS,0,Latios,-,Dragon,Psychic,80,90,80,130,110,110,600,latios,https://play.pokemonshowdown.com/sprites/gen5/latios.png
=IMAGE(Q507),379,LATIOS,1,Latios (Mega Latios),Mega Latios,Dragon,Psychic,80,130,100,160,120,110,700,latios-mega,https://play.pokemonshowdown.com/sprites/gen5/latios-mega.png
=IMAGE(Q508),380,KYOGRE,0,Kyogre,-,Water,,100,100,90,150,140,90,670,kyogre,https://play.pokemonshowdown.com/sprites/gen5/kyogre.png
=IMAGE(Q509),380,KYOGRE,1,Kyogre (Primal Kyogre),Primal Kyogre,Water,,100,150,90,180,160,90,770,kyogre-primal,https://play.pokemonshowdown.com/sprites/gen5/kyogre-primal.png
=IMAGE(Q510),381,GROUDON,0,Groudon,-,Ground,,100,150,140,100,90,90,670,groudon,https://play.pokemonshowdown.com/sprites/gen5/groudon.png
=IMAGE(Q511),381,GROUDON,1,Groudon (Primal Groudon),Primal Groudon,Ground,Fire,100,180,160,150,90,90,770,groudon-primal,https://play.pokemonshowdown.com/sprites/gen5/groudon-primal.png
=IMAGE(Q512),382,RAYQUAZA,0,Rayquaza,-,Dragon,Flying,105,150,90,150,90,95,680,rayquaza,https://play.pokemonshowdown.com/sprites/gen5/rayquaza.png
=IMAGE(Q513),382,RAYQUAZA,1,Rayquaza (Mega Rayquaza),Mega Rayquaza,Dragon,Flying,105,180,100,180,100,115,780,rayquaza-mega,https://play.pokemonshowdown.com/sprites/gen5/rayquaza-mega.png
=IMAGE(Q514),383,JIRACHI,0,Jirachi,-,Steel,Psychic,100,100,100,100,100,100,600,jirachi,https://play.pokemonshowdown.com/sprites/gen5/jirachi.png
=IMAGE(Q515),384,DEOXYS,0,Deoxys (Normal Forme),-,Psychic,,50,150,50,150,50,150,600,deoxys,https://play.pokemonshowdown.com/sprites/gen5/deoxys.png
=IMAGE(Q516),384,DEOXYS,1,Deoxys (Attack Forme),Attack Forme,Psychic,,50,180,20,180,20,150,600,deoxys-attack,https://play.pokemonshowdown.com/sprites/gen5/deoxys-attack.png
=IMAGE(Q517),384,DEOXYS,2,Deoxys (Defense Forme),Defense Forme,Psychic,,50,70,160,70,160,90,600,deoxys-defense,https://play.pokemonshowdown.com/sprites/gen5/deoxys-defense.png
=IMAGE(Q518),384,DEOXYS,3,Deoxys (Speed Forme),Speed Forme,Psychic,,50,95,90,95,90,180,600,deoxys-speed,https://play.pokemonshowdown.com/sprites/gen5/deoxys-speed.png
=IMAGE(Q519),385,TURTWIG,0,Turtwig,-,Grass,,55,68,64,45,55,31,318,turtwig,https://play.pokemonshowdown.com/sprites/gen5/turtwig.png
=IMAGE(Q520),386,GROTLE,0,Grotle,-,Grass,,75,89,85,55,65,36,405,grotle,https://play.pokemonshowdown.com/sprites/gen5/grotle.png
=IMAGE(Q521),387,TORTERRA,0,Torterra,-,Grass,Ground,95,109,105,75,85,56,525,torterra,https://play.pokemonshowdown.com/sprites/gen5/torterra.png
=IMAGE(Q522),388,CHIMCHAR,0,Chimchar,-,Fire,,44,58,44,58,44,61,309,chimchar,https://play.pokemonshowdown.com/sprites/gen5/chimchar.png
=IMAGE(Q523),389,MONFERNO,0,Monferno,-,Fire,Fighting,64,78,52,78,52,81,405,monferno,https://play.pokemonshowdown.com/sprites/gen5/monferno.png
=IMAGE(Q524),390,INFERNAPE,0,Infernape,-,Fire,Fighting,76,104,71,104,71,108,534,infernape,https://play.pokemonshowdown.com/sprites/gen5/infernape.png
=IMAGE(Q525),391,PIPLUP,0,Piplup,-,Water,,53,51,53,61,56,40,314,piplup,https://play.pokemonshowdown.com/sprites/gen5/piplup.png
=IMAGE(Q526),392,PRINPLUP,0,Prinplup,-,Water,,64,66,68,81,76,50,405,prinplup,https://play.pokemonshowdown.com/sprites/gen5/prinplup.png
=IMAGE(Q527),393,EMPOLEON,0,Empoleon,-,Water,Steel,84,86,88,111,101,60,530,empoleon,https://play.pokemonshowdown.com/sprites/gen5/empoleon.png
=IMAGE(Q528),394,STARLY,0,Starly,-,Normal,Flying,40,55,30,30,30,60,245,starly,https://play.pokemonshowdown.com/sprites/gen5/starly.png
=IMAGE(Q529),395,STARAVIA,0,Staravia,-,Normal,Flying,55,75,50,40,40,80,340,staravia,https://play.pokemonshowdown.com/sprites/gen5/staravia.png
=IMAGE(Q530),396,STARAPTOR,0,Staraptor,-,Normal,Flying,85,120,70,50,60,100,485,staraptor,https://play.pokemonshowdown.com/sprites/gen5/staraptor.png
=IMAGE(Q531),396,STARAPTOR,1,Staraptor (Mega Staraptor),Mega Staraptor,Fighting,Flying,85,140,100,60,90,110,585,staraptor-mega,https://play.pokemonshowdown.com/sprites/gen5/staraptor-mega.png
=IMAGE(Q532),397,BIDOOF,0,Bidoof,-,Normal,,59,45,40,35,40,31,250,bidoof,https://play.pokemonshowdown.com/sprites/gen5/bidoof.png
=IMAGE(Q533),398,BIBAREL,0,Bibarel,-,Normal,Water,79,85,60,55,60,71,410,bibarel,https://play.pokemonshowdown.com/sprites/gen5/bibarel.png
=IMAGE(Q534),399,KRICKETOT,0,Kricketot,-,Bug,,37,25,41,25,41,25,194,kricketot,https://play.pokemonshowdown.com/sprites/gen5/kricketot.png
=IMAGE(Q535),400,KRICKETUNE,0,Kricketune,-,Bug,,77,85,51,55,51,65,384,kricketune,https://play.pokemonshowdown.com/sprites/gen5/kricketune.png
=IMAGE(Q536),401,SHINX,0,Shinx,-,Electric,,45,65,34,40,34,45,263,shinx,https://play.pokemonshowdown.com/sprites/gen5/shinx.png
=IMAGE(Q537),402,LUXIO,0,Luxio,-,Electric,,60,85,49,60,49,60,363,luxio,https://play.pokemonshowdown.com/sprites/gen5/luxio.png
=IMAGE(Q538),403,LUXRAY,0,Luxray,-,Electric,,80,120,79,95,79,70,523,luxray,https://play.pokemonshowdown.com/sprites/gen5/luxray.png
=IMAGE(Q539),404,BUDEW,0,Budew,-,Grass,Poison,40,30,35,50,70,55,280,budew,https://play.pokemonshowdown.com/sprites/gen5/budew.png
=IMAGE(Q540),405,ROSERADE,0,Roserade,-,Grass,Poison,60,70,65,125,105,90,515,roserade,https://play.pokemonshowdown.com/sprites/gen5/roserade.png
=IMAGE(Q541),406,CRANIDOS,0,Cranidos,-,Rock,,67,125,40,30,30,58,350,cranidos,https://play.pokemonshowdown.com/sprites/gen5/cranidos.png
=IMAGE(Q542),407,RAMPARDOS,0,Rampardos,-,Rock,,97,165,60,65,50,58,495,rampardos,https://play.pokemonshowdown.com/sprites/gen5/rampardos.png
=IMAGE(Q543),408,SHIELDON,0,Shieldon,-,Rock,Steel,30,42,118,42,88,30,350,shieldon,https://play.pokemonshowdown.com/sprites/gen5/shieldon.png
=IMAGE(Q544),409,BASTIODON,0,Bastiodon,-,Rock,Steel,60,52,168,47,138,30,495,bastiodon,https://play.pokemonshowdown.com/sprites/gen5/bastiodon.png
=IMAGE(Q545),410,BURMY,0,Burmy (Plant Cloak),-,Bug,,40,29,45,29,45,36,224,burmy,https://play.pokemonshowdown.com/sprites/gen5/burmy.png
=IMAGE(Q546),410,BURMY,1,Burmy (Sandy Cloak),Sandy Cloak,Bug,,40,29,45,29,45,36,224,burmy-sandy,https://play.pokemonshowdown.com/sprites/gen5/burmy-sandy.png
=IMAGE(Q547),410,BURMY,2,Burmy (Trash Cloak),Trash Cloak,Bug,,40,29,45,29,45,36,224,burmy-trash,https://play.pokemonshowdown.com/sprites/gen5/burmy-trash.png
=IMAGE(Q548),411,WORMADAM,0,Wormadam (Plant Cloak),-,Bug,Grass,60,59,85,79,105,36,424,wormadam,https://play.pokemonshowdown.com/sprites/gen5/wormadam.png
=IMAGE(Q549),411,WORMADAM,1,Wormadam (Sandy Cloak),Sandy Cloak,Bug,Ground,60,79,105,59,85,36,424,wormadam-sandy,https://play.pokemonshowdown.com/sprites/gen5/wormadam-sandy.png
=IMAGE(Q550),411,WORMADAM,2,Wormadam (Trash Cloak),Trash Cloak,Bug,Steel,60,69,95,69,95,36,424,wormadam-trash,https://play.pokemonshowdown.com/sprites/gen5/wormadam-trash.png
=IMAGE(Q551),412,MOTHIM,0,Mothim,-,Bug,Flying,70,94,50,94,50,66,424,mothim,https://play.pokemonshowdown.com/sprites/gen5/mothim.png
=IMAGE(Q552),413,COMBEE,0,Combee,-,Bug,Flying,30,30,42,30,42,70,244,combee,https://play.pokemonshowdown.com/sprites/gen5/combee.png
=IMAGE(Q553),414,VESPIQUEN,0,Vespiquen,-,Bug,Flying,70,80,102,80,102,40,474,vespiquen,https://play.pokemonshowdown.com/sprites/gen5/vespiquen.png
=IMAGE(Q554),415,PACHIRISU,0,Pachirisu,-,Electric,,60,45,70,45,90,95,405,pachirisu,https://play.pokemonshowdown.com/sprites/gen5/pachirisu.png
=IMAGE(Q555),416,BUIZEL,0,Buizel,-,Water,,55,65,35,60,30,85,330,buizel,https://play.pokemonshowdown.com/sprites/gen5/buizel.png
=IMAGE(Q556),417,FLOATZEL,0,Floatzel,-,Water,,85,105,55,85,50,115,495,floatzel,https://play.pokemonshowdown.com/sprites/gen5/floatzel.png
=IMAGE(Q557),418,CHERUBI,0,Cherubi,-,Grass,,45,35,45,62,53,35,275,cherubi,https://play.pokemonshowdown.com/sprites/gen5/cherubi.png
=IMAGE(Q558),419,CHERRIM,0,Cherrim (Overcast Form),-,Grass,,70,60,70,87,78,85,450,cherrim,https://play.pokemonshowdown.com/sprites/gen5/cherrim.png
=IMAGE(Q559),419,CHERRIM,1,Cherrim (Sunshine Form),Sunshine Form,Grass,,70,60,70,87,78,85,450,cherrim-sunshine,https://play.pokemonshowdown.com/sprites/gen5/cherrim-sunshine.png
=IMAGE(Q560),420,SHELLOS,0,Shellos (West Sea),-,Water,,76,48,48,57,62,34,325,shellos,https://play.pokemonshowdown.com/sprites/gen5/shellos.png
=IMAGE(Q561),420,SHELLOS,1,Shellos (East Sea),East Sea,Water,,76,48,48,57,62,34,325,shellos-east,https://play.pokemonshowdown.com/sprites/gen5/shellos-east.png
=IMAGE(Q562),421,GASTRODON,0,Gastrodon (West Sea),-,Water,Ground,111,83,68,92,82,39,475,gastrodon,https://play.pokemonshowdown.com/sprites/gen5/gastrodon.png
=IMAGE(Q563),421,GASTRODON,1,Gastrodon (East Sea),East Sea,Water,Ground,111,83,68,92,82,39,475,gastrodon-east,https://play.pokemonshowdown.com/sprites/gen5/gastrodon-east.png
=IMAGE(Q564),422,AMBIPOM,0,Ambipom,-,Normal,,75,100,66,60,66,115,482,ambipom,https://play.pokemonshowdown.com/sprites/gen5/ambipom.png
=IMAGE(Q565),423,DRIFLOON,0,Drifloon,-,Ghost,Flying,90,50,34,60,44,70,348,drifloon,https://play.pokemonshowdown.com/sprites/gen5/drifloon.png
=IMAGE(Q566),424,DRIFBLIM,0,Drifblim,-,Ghost,Flying,150,80,44,90,54,80,498,drifblim,https://play.pokemonshowdown.com/sprites/gen5/drifblim.png
=IMAGE(Q567),425,BUNEARY,0,Buneary,-,Normal,,55,66,44,44,56,85,350,buneary,https://play.pokemonshowdown.com/sprites/gen5/buneary.png
=IMAGE(Q568),426,LOPUNNY,0,Lopunny,-,Normal,,65,76,84,54,96,105,480,lopunny,https://play.pokemonshowdown.com/sprites/gen5/lopunny.png
=IMAGE(Q569),426,LOPUNNY,1,Lopunny (Mega Lopunny),Mega Lopunny,Normal,Fighting,65,136,94,54,96,135,580,lopunny-mega,https://play.pokemonshowdown.com/sprites/gen5/lopunny-mega.png
=IMAGE(Q570),427,MISMAGIUS,0,Mismagius,-,Ghost,,60,60,60,105,105,105,495,mismagius,https://play.pokemonshowdown.com/sprites/gen5/mismagius.png
=IMAGE(Q571),428,HONCHKROW,0,Honchkrow,-,Dark,Flying,100,125,52,105,52,71,505,honchkrow,https://play.pokemonshowdown.com/sprites/gen5/honchkrow.png
=IMAGE(Q572),429,GLAMEOW,0,Glameow,-,Normal,,49,55,42,42,37,85,310,glameow,https://play.pokemonshowdown.com/sprites/gen5/glameow.png
=IMAGE(Q573),430,PURUGLY,0,Purugly,-,Normal,,71,82,64,64,59,112,452,purugly,https://play.pokemonshowdown.com/sprites/gen5/purugly.png
=IMAGE(Q574),431,CHINGLING,0,Chingling,-,Psychic,,45,30,50,65,50,45,285,chingling,https://play.pokemonshowdown.com/sprites/gen5/chingling.png
=IMAGE(Q575),432,STUNKY,0,Stunky,-,Poison,Dark,63,63,47,41,41,74,329,stunky,https://play.pokemonshowdown.com/sprites/gen5/stunky.png
=IMAGE(Q576),433,SKUNTANK,0,Skuntank,-,Poison,Dark,103,93,67,71,61,84,479,skuntank,https://play.pokemonshowdown.com/sprites/gen5/skuntank.png
=IMAGE(Q577),434,BRONZOR,0,Bronzor,-,Steel,Psychic,57,24,86,24,86,23,300,bronzor,https://play.pokemonshowdown.com/sprites/gen5/bronzor.png
=IMAGE(Q578),435,BRONZONG,0,Bronzong,-,Steel,Psychic,67,89,116,79,116,33,500,bronzong,https://play.pokemonshowdown.com/sprites/gen5/bronzong.png
=IMAGE(Q579),436,BONSLY,0,Bonsly,-,Rock,,50,80,95,10,45,10,290,bonsly,https://play.pokemonshowdown.com/sprites/gen5/bonsly.png
=IMAGE(Q580),437,MIMEJR,0,Mime Jr.,-,Psychic,Fairy,20,25,45,70,90,60,310,mimejr,https://play.pokemonshowdown.com/sprites/gen5/mimejr.png
=IMAGE(Q581),438,HAPPINY,0,Happiny,-,Normal,,100,5,5,15,65,30,220,happiny,https://play.pokemonshowdown.com/sprites/gen5/happiny.png
=IMAGE(Q582),439,CHATOT,0,Chatot,-,Normal,Flying,76,65,45,92,42,91,411,chatot,https://play.pokemonshowdown.com/sprites/gen5/chatot.png
=IMAGE(Q583),440,SPIRITOMB,0,Spiritomb,-,Ghost,Dark,50,92,108,92,108,35,485,spiritomb,https://play.pokemonshowdown.com/sprites/gen5/spiritomb.png
=IMAGE(Q584),441,GIBLE,0,Gible,-,Dragon,Ground,58,70,45,40,45,42,300,gible,https://play.pokemonshowdown.com/sprites/gen5/gible.png
=IMAGE(Q585),442,GABITE,0,Gabite,-,Dragon,Ground,68,90,65,50,55,82,410,gabite,https://play.pokemonshowdown.com/sprites/gen5/gabite.png
=IMAGE(Q586),443,GARCHOMP,0,Garchomp,-,Dragon,Ground,108,130,95,80,85,102,600,garchomp,https://play.pokemonshowdown.com/sprites/gen5/garchomp.png
=IMAGE(Q587),443,GARCHOMP,1,Garchomp (Mega Garchomp),Mega Garchomp,Dragon,Ground,108,170,115,120,95,92,700,garchomp-mega,https://play.pokemonshowdown.com/sprites/gen5/garchomp-mega.png
=IMAGE(Q588),443,GARCHOMP,2,Garchomp (Mega Garchomp Z),Mega Garchomp Z,Dragon,,108,130,85,141,85,151,700,garchomp-megaz,https://play.pokemonshowdown.com/sprites/gen5/garchomp-megaz.png
=IMAGE(Q589),444,MUNCHLAX,0,Munchlax,-,Normal,,135,85,40,40,85,5,390,munchlax,https://play.pokemonshowdown.com/sprites/gen5/munchlax.png
=IMAGE(Q590),445,RIOLU,0,Riolu,-,Fighting,,40,70,40,35,40,60,285,riolu,https://play.pokemonshowdown.com/sprites/gen5/riolu.png
=IMAGE(Q591),446,LUCARIO,0,Lucario,-,Fighting,Steel,70,110,70,115,70,90,525,lucario,https://play.pokemonshowdown.com/sprites/gen5/lucario.png
=IMAGE(Q592),446,LUCARIO,1,Lucario (Mega Lucario),Mega Lucario,Fighting,Steel,70,145,88,140,70,112,625,lucario-mega,https://play.pokemonshowdown.com/sprites/gen5/lucario-mega.png
=IMAGE(Q593),446,LUCARIO,2,Lucario (Mega Lucario Z),Mega Lucario Z,Fighting,Steel,70,100,70,164,70,151,625,lucario-megaz,https://play.pokemonshowdown.com/sprites/gen5/lucario-megaz.png
=IMAGE(Q594),447,HIPPOPOTAS,0,Hippopotas,-,Ground,,68,72,78,38,42,32,330,hippopotas,https://play.pokemonshowdown.com/sprites/gen5/hippopotas.png
=IMAGE(Q595),448,HIPPOWDON,0,Hippowdon,-,Ground,,108,112,118,68,72,47,525,hippowdon,https://play.pokemonshowdown.com/sprites/gen5/hippowdon.png
=IMAGE(Q596),449,SKORUPI,0,Skorupi,-,Poison,Bug,40,50,90,30,55,65,330,skorupi,https://play.pokemonshowdown.com/sprites/gen5/skorupi.png
=IMAGE(Q597),450,DRAPION,0,Drapion,-,Poison,Dark,70,90,110,60,75,95,500,drapion,https://play.pokemonshowdown.com/sprites/gen5/drapion.png
=IMAGE(Q598),451,CROAGUNK,0,Croagunk,-,Poison,Fighting,48,61,40,61,40,50,300,croagunk,https://play.pokemonshowdown.com/sprites/gen5/croagunk.png
=IMAGE(Q599),452,TOXICROAK,0,Toxicroak,-,Poison,Fighting,83,106,65,86,65,85,490,toxicroak,https://play.pokemonshowdown.com/sprites/gen5/toxicroak.png
=IMAGE(Q600),453,CARNIVINE,0,Carnivine,-,Grass,,74,100,72,90,72,46,454,carnivine,https://play.pokemonshowdown.com/sprites/gen5/carnivine.png
=IMAGE(Q601),454,FINNEON,0,Finneon,-,Water,,49,49,56,49,61,66,330,finneon,https://play.pokemonshowdown.com/sprites/gen5/finneon.png
=IMAGE(Q602),455,LUMINEON,0,Lumineon,-,Water,,69,69,76,69,86,91,460,lumineon,https://play.pokemonshowdown.com/sprites/gen5/lumineon.png
=IMAGE(Q603),456,MANTYKE,0,Mantyke,-,Water,Flying,45,20,50,60,120,50,345,mantyke,https://play.pokemonshowdown.com/sprites/gen5/mantyke.png
=IMAGE(Q604),457,SNOVER,0,Snover,-,Grass,Ice,60,62,50,62,60,40,334,snover,https://play.pokemonshowdown.com/sprites/gen5/snover.png
=IMAGE(Q605),458,ABOMASNOW,0,Abomasnow,-,Grass,Ice,90,92,75,92,85,60,494,abomasnow,https://play.pokemonshowdown.com/sprites/gen5/abomasnow.png
=IMAGE(Q606),458,ABOMASNOW,1,Abomasnow (Mega Abomasnow),Mega Abomasnow,Grass,Ice,90,132,105,132,105,30,594,abomasnow-mega,https://play.pokemonshowdown.com/sprites/gen5/abomasnow-mega.png
=IMAGE(Q607),459,WEAVILE,0,Weavile,-,Dark,Ice,70,120,65,45,85,125,510,weavile,https://play.pokemonshowdown.com/sprites/gen5/weavile.png
=IMAGE(Q608),460,MAGNEZONE,0,Magnezone,-,Electric,Steel,70,70,115,130,90,60,535,magnezone,https://play.pokemonshowdown.com/sprites/gen5/magnezone.png
=IMAGE(Q609),461,LICKILICKY,0,Lickilicky,-,Normal,,110,85,95,80,95,50,515,lickilicky,https://play.pokemonshowdown.com/sprites/gen5/lickilicky.png
=IMAGE(Q610),462,RHYPERIOR,0,Rhyperior,-,Ground,Rock,115,140,130,55,55,40,535,rhyperior,https://play.pokemonshowdown.com/sprites/gen5/rhyperior.png
=IMAGE(Q611),463,TANGROWTH,0,Tangrowth,-,Grass,,100,100,125,110,50,50,535,tangrowth,https://play.pokemonshowdown.com/sprites/gen5/tangrowth.png
=IMAGE(Q612),464,ELECTIVIRE,0,Electivire,-,Electric,,75,123,67,95,85,95,540,electivire,https://play.pokemonshowdown.com/sprites/gen5/electivire.png
=IMAGE(Q613),465,MAGMORTAR,0,Magmortar,-,Fire,,75,95,67,125,95,83,540,magmortar,https://play.pokemonshowdown.com/sprites/gen5/magmortar.png
=IMAGE(Q614),466,TOGEKISS,0,Togekiss,-,Fairy,Flying,85,50,95,120,115,80,545,togekiss,https://play.pokemonshowdown.com/sprites/gen5/togekiss.png
=IMAGE(Q615),467,YANMEGA,0,Yanmega,-,Bug,Flying,86,76,86,116,56,95,515,yanmega,https://play.pokemonshowdown.com/sprites/gen5/yanmega.png
=IMAGE(Q616),468,LEAFEON,0,Leafeon,-,Grass,,65,110,130,60,65,95,525,leafeon,https://play.pokemonshowdown.com/sprites/gen5/leafeon.png
=IMAGE(Q617),469,GLACEON,0,Glaceon,-,Ice,,65,60,110,130,95,65,525,glaceon,https://play.pokemonshowdown.com/sprites/gen5/glaceon.png
=IMAGE(Q618),470,GLISCOR,0,Gliscor,-,Ground,Flying,75,95,125,45,75,95,510,gliscor,https://play.pokemonshowdown.com/sprites/gen5/gliscor.png
=IMAGE(Q619),471,MAMOSWINE,0,Mamoswine,-,Ice,Ground,110,130,80,70,60,80,530,mamoswine,https://play.pokemonshowdown.com/sprites/gen5/mamoswine.png
=IMAGE(Q620),472,PORYGONZ,0,Porygon-Z,-,Normal,,85,80,70,135,75,90,535,porygonz,https://play.pokemonshowdown.com/sprites/gen5/porygonz.png
=IMAGE(Q621),473,GALLADE,0,Gallade,-,Psychic,Fighting,68,125,65,65,115,80,518,gallade,https://play.pokemonshowdown.com/sprites/gen5/gallade.png
=IMAGE(Q622),473,GALLADE,1,Gallade (Mega Gallade),Mega Gallade,Psychic,Fighting,68,165,95,65,115,110,618,gallade-mega,https://play.pokemonshowdown.com/sprites/gen5/gallade-mega.png
=IMAGE(Q623),474,PROBOPASS,0,Probopass,-,Rock,Steel,60,55,145,75,150,40,525,probopass,https://play.pokemonshowdown.com/sprites/gen5/probopass.png
=IMAGE(Q624),475,DUSKNOIR,0,Dusknoir,-,Ghost,,45,100,135,65,135,45,525,dusknoir,https://play.pokemonshowdown.com/sprites/gen5/dusknoir.png
=IMAGE(Q625),476,FROSLASS,0,Froslass,-,Ice,Ghost,70,80,70,80,70,110,480,froslass,https://play.pokemonshowdown.com/sprites/gen5/froslass.png
=IMAGE(Q626),476,FROSLASS,1,Froslass (Mega Froslass),Mega Froslass,Ice,Ghost,70,80,70,140,100,120,580,froslass-mega,https://play.pokemonshowdown.com/sprites/gen5/froslass-mega.png
=IMAGE(Q627),477,ROTOM,0,Rotom (Rotom),-,Electric,Ghost,50,50,77,95,77,91,440,rotom,https://play.pokemonshowdown.com/sprites/gen5/rotom.png
=IMAGE(Q628),477,ROTOM,1,Rotom (Heat Rotom),Heat Rotom,Electric,Fire,50,65,107,105,107,86,520,rotom-heat,https://play.pokemonshowdown.com/sprites/gen5/rotom-heat.png
=IMAGE(Q629),477,ROTOM,2,Rotom (Wash Rotom),Wash Rotom,Electric,Water,50,65,107,105,107,86,520,rotom-wash,https://play.pokemonshowdown.com/sprites/gen5/rotom-wash.png
=IMAGE(Q630),477,ROTOM,3,Rotom (Frost Rotom),Frost Rotom,Electric,Ice,50,65,107,105,107,86,520,rotom-frost,https://play.pokemonshowdown.com/sprites/gen5/rotom-frost.png
=IMAGE(Q631),477,ROTOM,4,Rotom (Fan Rotom),Fan Rotom,Electric,Flying,50,65,107,105,107,86,520,rotom-fan,https://play.pokemonshowdown.com/sprites/gen5/rotom-fan.png
=IMAGE(Q632),477,ROTOM,5,Rotom (Mow Rotom),Mow Rotom,Electric,Grass,50,65,107,105,107,86,520,rotom-mow,https://play.pokemonshowdown.com/sprites/gen5/rotom-mow.png
=IMAGE(Q633),478,UXIE,0,Uxie,-,Psychic,,75,75,130,75,130,95,580,uxie,https://play.pokemonshowdown.com/sprites/gen5/uxie.png
=IMAGE(Q634),479,MESPRIT,0,Mesprit,-,Psychic,,80,105,105,105,105,80,580,mesprit,https://play.pokemonshowdown.com/sprites/gen5/mesprit.png
=IMAGE(Q635),480,AZELF,0,Azelf,-,Psychic,,75,125,70,125,70,115,580,azelf,https://play.pokemonshowdown.com/sprites/gen5/azelf.png
=IMAGE(Q636),481,DIALGA,0,Dialga,-,Steel,Dragon,100,120,120,150,100,90,680,dialga,https://play.pokemonshowdown.com/sprites/gen5/dialga.png
=IMAGE(Q637),481,DIALGA,1,Dialga (Origin Forme),Origin Forme,Steel,Dragon,100,100,120,150,120,90,680,dialga-origin,https://play.pokemonshowdown.com/sprites/gen5/dialga-origin.png
=IMAGE(Q638),482,PALKIA,0,Palkia,-,Water,Dragon,90,120,100,150,120,100,680,palkia,https://play.pokemonshowdown.com/sprites/gen5/palkia.png
=IMAGE(Q639),482,PALKIA,1,Palkia (Origin Forme),Origin Forme,Water,Dragon,90,100,100,150,120,120,680,palkia-origin,https://play.pokemonshowdown.com/sprites/gen5/palkia-origin.png
=IMAGE(Q640),483,HEATRAN,0,Heatran,-,Fire,Steel,91,90,106,130,106,77,600,heatran,https://play.pokemonshowdown.com/sprites/gen5/heatran.png
=IMAGE(Q641),483,HEATRAN,1,Heatran (Mega Heatran),Mega Heatran,Fire,Steel,91,120,106,175,141,67,700,heatran-mega,https://play.pokemonshowdown.com/sprites/gen5/heatran-mega.png
=IMAGE(Q642),484,REGIGIGAS,0,Regigigas,-,Normal,,110,160,110,80,110,100,670,regigigas,https://play.pokemonshowdown.com/sprites/gen5/regigigas.png
=IMAGE(Q643),485,GIRATINA,0,Giratina (Altered Forme),-,Ghost,Dragon,150,100,120,100,120,90,680,giratina,https://play.pokemonshowdown.com/sprites/gen5/giratina.png
=IMAGE(Q644),485,GIRATINA,1,Giratina (Origin Forme),Origin Forme,Ghost,Dragon,150,120,100,120,100,90,680,giratina-origin,https://play.pokemonshowdown.com/sprites/gen5/giratina-origin.png
=IMAGE(Q645),486,CRESSELIA,0,Cresselia,-,Psychic,,120,70,120,75,130,85,600,cresselia,https://play.pokemonshowdown.com/sprites/gen5/cresselia.png
=IMAGE(Q646),487,PHIONE,0,Phione,-,Water,,80,80,80,80,80,80,480,phione,https://play.pokemonshowdown.com/sprites/gen5/phione.png
=IMAGE(Q647),488,MANAPHY,0,Manaphy,-,Water,,100,100,100,100,100,100,600,manaphy,https://play.pokemonshowdown.com/sprites/gen5/manaphy.png
=IMAGE(Q648),489,DARKRAI,0,Darkrai,-,Dark,,70,90,90,135,90,125,600,darkrai,https://play.pokemonshowdown.com/sprites/gen5/darkrai.png
=IMAGE(Q649),489,DARKRAI,1,Darkrai (Mega Darkrai),Mega Darkrai,Dark,,70,120,130,165,130,85,700,darkrai-mega,https://play.pokemonshowdown.com/sprites/gen5/darkrai-mega.png
=IMAGE(Q650),490,SHAYMIN,0,Shaymin (Land Forme),-,Grass,,100,100,100,100,100,100,600,shaymin,https://play.pokemonshowdown.com/sprites/gen5/shaymin.png
=IMAGE(Q651),490,SHAYMIN,1,Shaymin (Sky Forme),Sky Forme,Grass,Flying,100,103,75,120,75,127,600,shaymin-sky,https://play.pokemonshowdown.com/sprites/gen5/shaymin-sky.png
=IMAGE(Q652),491,ARCEUS,0,Arceus (Normal Type),-,Normal,,120,120,120,120,120,120,720,arceus,https://play.pokemonshowdown.com/sprites/gen5/arceus.png
=IMAGE(Q653),491,ARCEUS,1,Arceus (Fighting Type),Fighting Type,Fighting,,120,120,120,120,120,120,720,arceus-fighting,https://play.pokemonshowdown.com/sprites/gen5/arceus-fighting.png
=IMAGE(Q654),491,ARCEUS,2,Arceus (Flying Type),Flying Type,Flying,,120,120,120,120,120,120,720,arceus-flying,https://play.pokemonshowdown.com/sprites/gen5/arceus-flying.png
=IMAGE(Q655),491,ARCEUS,3,Arceus (Poison Type),Poison Type,Poison,,120,120,120,120,120,120,720,arceus-poison,https://play.pokemonshowdown.com/sprites/gen5/arceus-poison.png
=IMAGE(Q656),491,ARCEUS,4,Arceus (Ground Type),Ground Type,Ground,,120,120,120,120,120,120,720,arceus-ground,https://play.pokemonshowdown.com/sprites/gen5/arceus-ground.png
=IMAGE(Q657),491,ARCEUS,5,Arceus (Rock Type),Rock Type,Rock,,120,120,120,120,120,120,720,arceus-rock,https://play.pokemonshowdown.com/sprites/gen5/arceus-rock.png
=IMAGE(Q658),491,ARCEUS,6,Arceus (Bug Type),Bug Type,Bug,,120,120,120,120,120,120,720,arceus-bug,https://play.pokemonshowdown.com/sprites/gen5/arceus-bug.png
=IMAGE(Q659),491,ARCEUS,7,Arceus (Ghost Type),Ghost Type,Ghost,,120,120,120,120,120,120,720,arceus-ghost,https://play.pokemonshowdown.com/sprites/gen5/arceus-ghost.png
=IMAGE(Q660),491,ARCEUS,8,Arceus (Steel Type),Steel Type,Steel,,120,120,120,120,120,120,720,arceus-steel,https://play.pokemonshowdown.com/sprites/gen5/arceus-steel.png
=IMAGE(Q661),491,ARCEUS,9,Arceus (Unknown Type),Unknown Type,???,,120,120,120,120,120,120,720,arceus-unknown,https://play.pokemonshowdown.com/sprites/gen5/arceus-unknown.png
=IMAGE(Q662),491,ARCEUS,10,Arceus (Fire Type),Fire Type,Fire,,120,120,120,120,120,120,720,arceus-fire,https://play.pokemonshowdown.com/sprites/gen5/arceus-fire.png
=IMAGE(Q663),491,ARCEUS,11,Arceus (Water Type),Water Type,Water,,120,120,120,120,120,120,720,arceus-water,https://play.pokemonshowdown.com/sprites/gen5/arceus-water.png
=IMAGE(Q664),491,ARCEUS,12,Arceus (Grass Type),Grass Type,Grass,,120,120,120,120,120,120,720,arceus-grass,https://play.pokemonshowdown.com/sprites/gen5/arceus-grass.png
=IMAGE(Q665),491,ARCEUS,13,Arceus (Electric Type),Electric Type,Electric,,120,120,120,120,120,120,720,arceus-electric,https://play.pokemonshowdown.com/sprites/gen5/arceus-electric.png
=IMAGE(Q666),491,ARCEUS,14,Arceus (Psychic Type),Psychic Type,Psychic,,120,120,120,120,120,120,720,arceus-psychic,https://play.pokemonshowdown.com/sprites/gen5/arceus-psychic.png
=IMAGE(Q667),491,ARCEUS,15,Arceus (Ice Type),Ice Type,Ice,,120,120,120,120,120,120,720,arceus-ice,https://play.pokemonshowdown.com/sprites/gen5/arceus-ice.png
=IMAGE(Q668),491,ARCEUS,16,Arceus (Dragon Type),Dragon Type,Dragon,,120,120,120,120,120,120,720,arceus-dragon,https://play.pokemonshowdown.com/sprites/gen5/arceus-dragon.png
=IMAGE(Q669),491,ARCEUS,17,Arceus (Dark Type),Dark Type,Dark,,120,120,120,120,120,120,720,arceus-dark,https://play.pokemonshowdown.com/sprites/gen5/arceus-dark.png
=IMAGE(Q670),491,ARCEUS,18,Arceus (Fairy Type),Fairy Type,Fairy,,120,120,120,120,120,120,720,arceus-fairy,https://play.pokemonshowdown.com/sprites/gen5/arceus-fairy.png
=IMAGE(Q671),492,VICTINI,0,Victini,-,Psychic,Fire,100,100,100,100,100,100,600,victini,https://play.pokemonshowdown.com/sprites/gen5/victini.png
=IMAGE(Q672),493,SNIVY,0,Snivy,-,Grass,,45,45,55,45,55,63,308,snivy,https://play.pokemonshowdown.com/sprites/gen5/snivy.png
=IMAGE(Q673),494,SERVINE,0,Servine,-,Grass,,60,60,75,60,75,83,413,servine,https://play.pokemonshowdown.com/sprites/gen5/servine.png
=IMAGE(Q674),495,SERPERIOR,0,Serperior,-,Grass,,75,75,95,75,95,113,528,serperior,https://play.pokemonshowdown.com/sprites/gen5/serperior.png
=IMAGE(Q675),496,TEPIG,0,Tepig,-,Fire,,65,63,45,45,45,45,308,tepig,https://play.pokemonshowdown.com/sprites/gen5/tepig.png
=IMAGE(Q676),497,PIGNITE,0,Pignite,-,Fire,Fighting,90,93,55,70,55,55,418,pignite,https://play.pokemonshowdown.com/sprites/gen5/pignite.png
=IMAGE(Q677),498,EMBOAR,0,Emboar,-,Fire,Fighting,110,123,65,100,65,65,528,emboar,https://play.pokemonshowdown.com/sprites/gen5/emboar.png
=IMAGE(Q678),498,EMBOAR,1,Emboar (Mega Emboar),Mega Emboar,Fire,Fighting,110,148,75,110,110,75,628,emboar-mega,https://play.pokemonshowdown.com/sprites/gen5/emboar-mega.png
=IMAGE(Q679),499,OSHAWOTT,0,Oshawott,-,Water,,55,55,45,63,45,45,308,oshawott,https://play.pokemonshowdown.com/sprites/gen5/oshawott.png
=IMAGE(Q680),500,DEWOTT,0,Dewott,-,Water,,75,75,60,83,60,60,413,dewott,https://play.pokemonshowdown.com/sprites/gen5/dewott.png
=IMAGE(Q681),501,SAMUROTT,0,Samurott,-,Water,,95,100,85,108,70,70,528,samurott,https://play.pokemonshowdown.com/sprites/gen5/samurott.png
=IMAGE(Q682),501,SAMUROTT,1,Samurott (Hisuian),Hisuian,Water,Dark,90,108,80,100,65,85,528,samurott-hisui,https://play.pokemonshowdown.com/sprites/gen5/samurott-hisui.png
=IMAGE(Q683),502,PATRAT,0,Patrat,-,Normal,,45,55,39,35,39,42,255,patrat,https://play.pokemonshowdown.com/sprites/gen5/patrat.png
=IMAGE(Q684),503,WATCHOG,0,Watchog,-,Normal,,60,85,69,60,69,77,420,watchog,https://play.pokemonshowdown.com/sprites/gen5/watchog.png
=IMAGE(Q685),504,LILLIPUP,0,Lillipup,-,Normal,,45,60,45,25,45,55,275,lillipup,https://play.pokemonshowdown.com/sprites/gen5/lillipup.png
=IMAGE(Q686),505,HERDIER,0,Herdier,-,Normal,,65,80,65,35,65,60,370,herdier,https://play.pokemonshowdown.com/sprites/gen5/herdier.png
=IMAGE(Q687),506,STOUTLAND,0,Stoutland,-,Normal,,85,110,90,45,90,80,500,stoutland,https://play.pokemonshowdown.com/sprites/gen5/stoutland.png
=IMAGE(Q688),507,PURRLOIN,0,Purrloin,-,Dark,,41,50,37,50,37,66,281,purrloin,https://play.pokemonshowdown.com/sprites/gen5/purrloin.png
=IMAGE(Q689),508,LIEPARD,0,Liepard,-,Dark,,64,88,50,88,50,106,446,liepard,https://play.pokemonshowdown.com/sprites/gen5/liepard.png
=IMAGE(Q690),509,PANSAGE,0,Pansage,-,Grass,,50,53,48,53,48,64,316,pansage,https://play.pokemonshowdown.com/sprites/gen5/pansage.png
=IMAGE(Q691),510,SIMISAGE,0,Simisage,-,Grass,,75,98,63,98,63,101,498,simisage,https://play.pokemonshowdown.com/sprites/gen5/simisage.png
=IMAGE(Q692),511,PANSEAR,0,Pansear,-,Fire,,50,53,48,53,48,64,316,pansear,https://play.pokemonshowdown.com/sprites/gen5/pansear.png
=IMAGE(Q693),512,SIMISEAR,0,Simisear,-,Fire,,75,98,63,98,63,101,498,simisear,https://play.pokemonshowdown.com/sprites/gen5/simisear.png
=IMAGE(Q694),513,PANPOUR,0,Panpour,-,Water,,50,53,48,53,48,64,316,panpour,https://play.pokemonshowdown.com/sprites/gen5/panpour.png
=IMAGE(Q695),514,SIMIPOUR,0,Simipour,-,Water,,75,98,63,98,63,101,498,simipour,https://play.pokemonshowdown.com/sprites/gen5/simipour.png
=IMAGE(Q696),515,MUNNA,0,Munna,-,Psychic,,76,25,45,67,55,24,292,munna,https://play.pokemonshowdown.com/sprites/gen5/munna.png
=IMAGE(Q697),516,MUSHARNA,0,Musharna,-,Psychic,,116,55,85,107,95,29,487,musharna,https://play.pokemonshowdown.com/sprites/gen5/musharna.png
=IMAGE(Q698),517,PIDOVE,0,Pidove,-,Normal,Flying,50,55,50,36,30,43,264,pidove,https://play.pokemonshowdown.com/sprites/gen5/pidove.png
=IMAGE(Q699),518,TRANQUILL,0,Tranquill,-,Normal,Flying,62,77,62,50,42,65,358,tranquill,https://play.pokemonshowdown.com/sprites/gen5/tranquill.png
=IMAGE(Q700),519,UNFEZANT,0,Unfezant,-,Normal,Flying,80,115,80,65,55,93,488,unfezant,https://play.pokemonshowdown.com/sprites/gen5/unfezant.png
=IMAGE(Q701),520,BLITZLE,0,Blitzle,-,Electric,,45,60,32,50,32,76,295,blitzle,https://play.pokemonshowdown.com/sprites/gen5/blitzle.png
=IMAGE(Q702),521,ZEBSTRIKA,0,Zebstrika,-,Electric,,75,100,63,80,63,116,497,zebstrika,https://play.pokemonshowdown.com/sprites/gen5/zebstrika.png
=IMAGE(Q703),522,ROGGENROLA,0,Roggenrola,-,Rock,,55,75,85,25,25,15,280,roggenrola,https://play.pokemonshowdown.com/sprites/gen5/roggenrola.png
=IMAGE(Q704),523,BOLDORE,0,Boldore,-,Rock,,70,105,105,50,40,20,390,boldore,https://play.pokemonshowdown.com/sprites/gen5/boldore.png
=IMAGE(Q705),524,GIGALITH,0,Gigalith,-,Rock,,85,135,130,60,80,25,515,gigalith,https://play.pokemonshowdown.com/sprites/gen5/gigalith.png
=IMAGE(Q706),525,WOOBAT,0,Woobat,-,Psychic,Flying,65,45,43,55,43,72,323,woobat,https://play.pokemonshowdown.com/sprites/gen5/woobat.png
=IMAGE(Q707),526,SWOOBAT,0,Swoobat,-,Psychic,Flying,67,57,55,77,55,114,425,swoobat,https://play.pokemonshowdown.com/sprites/gen5/swoobat.png
=IMAGE(Q708),527,DRILBUR,0,Drilbur,-,Ground,,60,85,40,30,45,68,328,drilbur,https://play.pokemonshowdown.com/sprites/gen5/drilbur.png
=IMAGE(Q709),528,EXCADRILL,0,Excadrill,-,Ground,Steel,110,135,60,50,65,88,508,excadrill,https://play.pokemonshowdown.com/sprites/gen5/excadrill.png
=IMAGE(Q710),528,EXCADRILL,1,Excadrill (Mega Excadrill),Mega Excadrill,Ground,Steel,110,165,100,65,65,103,608,excadrill-mega,https://play.pokemonshowdown.com/sprites/gen5/excadrill-mega.png
=IMAGE(Q711),529,AUDINO,0,Audino,-,Normal,,103,60,86,60,86,50,445,audino,https://play.pokemonshowdown.com/sprites/gen5/audino.png
=IMAGE(Q712),529,AUDINO,1,Audino (Mega Audino),Mega Audino,Normal,Fairy,103,60,126,80,126,50,545,audino-mega,https://play.pokemonshowdown.com/sprites/gen5/audino-mega.png
=IMAGE(Q713),530,TIMBURR,0,Timburr,-,Fighting,,75,80,55,25,35,35,305,timburr,https://play.pokemonshowdown.com/sprites/gen5/timburr.png
=IMAGE(Q714),531,GURDURR,0,Gurdurr,-,Fighting,,85,105,85,40,50,40,405,gurdurr,https://play.pokemonshowdown.com/sprites/gen5/gurdurr.png
=IMAGE(Q715),532,CONKELDURR,0,Conkeldurr,-,Fighting,,105,140,95,55,65,45,505,conkeldurr,https://play.pokemonshowdown.com/sprites/gen5/conkeldurr.png
=IMAGE(Q716),533,TYMPOLE,0,Tympole,-,Water,,50,50,40,50,40,64,294,tympole,https://play.pokemonshowdown.com/sprites/gen5/tympole.png
=IMAGE(Q717),534,PALPITOAD,0,Palpitoad,-,Water,Ground,75,65,55,65,55,69,384,palpitoad,https://play.pokemonshowdown.com/sprites/gen5/palpitoad.png
=IMAGE(Q718),535,SEISMITOAD,0,Seismitoad,-,Water,Ground,105,95,75,85,75,74,509,seismitoad,https://play.pokemonshowdown.com/sprites/gen5/seismitoad.png
=IMAGE(Q719),536,THROH,0,Throh,-,Fighting,,120,100,85,30,85,45,465,throh,https://play.pokemonshowdown.com/sprites/gen5/throh.png
=IMAGE(Q720),537,SAWK,0,Sawk,-,Fighting,,75,125,75,30,75,85,465,sawk,https://play.pokemonshowdown.com/sprites/gen5/sawk.png
=IMAGE(Q721),538,SEWADDLE,0,Sewaddle,-,Bug,Grass,45,53,70,40,60,42,310,sewaddle,https://play.pokemonshowdown.com/sprites/gen5/sewaddle.png
=IMAGE(Q722),539,SWADLOON,0,Swadloon,-,Bug,Grass,55,63,90,50,80,42,380,swadloon,https://play.pokemonshowdown.com/sprites/gen5/swadloon.png
=IMAGE(Q723),540,LEAVANNY,0,Leavanny,-,Bug,Grass,75,103,80,70,80,92,500,leavanny,https://play.pokemonshowdown.com/sprites/gen5/leavanny.png
=IMAGE(Q724),541,VENIPEDE,0,Venipede,-,Bug,Poison,30,45,59,30,39,57,260,venipede,https://play.pokemonshowdown.com/sprites/gen5/venipede.png
=IMAGE(Q725),542,WHIRLIPEDE,0,Whirlipede,-,Bug,Poison,40,55,99,40,79,47,360,whirlipede,https://play.pokemonshowdown.com/sprites/gen5/whirlipede.png
=IMAGE(Q726),543,SCOLIPEDE,0,Scolipede,-,Bug,Poison,60,100,89,55,69,112,485,scolipede,https://play.pokemonshowdown.com/sprites/gen5/scolipede.png
=IMAGE(Q727),543,SCOLIPEDE,1,Scolipede (Mega Scolipede),Mega Scolipede,Bug,Poison,60,140,149,75,99,62,585,scolipede-mega,https://play.pokemonshowdown.com/sprites/gen5/scolipede-mega.png
=IMAGE(Q728),544,COTTONEE,0,Cottonee,-,Grass,Fairy,40,27,60,37,50,66,280,cottonee,https://play.pokemonshowdown.com/sprites/gen5/cottonee.png
=IMAGE(Q729),545,WHIMSICOTT,0,Whimsicott,-,Grass,Fairy,60,67,85,77,75,116,480,whimsicott,https://play.pokemonshowdown.com/sprites/gen5/whimsicott.png
=IMAGE(Q730),546,PETILIL,0,Petilil,-,Grass,,45,35,50,70,50,30,280,petilil,https://play.pokemonshowdown.com/sprites/gen5/petilil.png
=IMAGE(Q731),547,LILLIGANT,0,Lilligant,-,Grass,,70,60,75,110,75,90,480,lilligant,https://play.pokemonshowdown.com/sprites/gen5/lilligant.png
=IMAGE(Q732),547,LILLIGANT,1,Lilligant (Hisuian),Hisuian,Grass,Fighting,70,105,75,50,75,105,480,lilligant-hisui,https://play.pokemonshowdown.com/sprites/gen5/lilligant-hisui.png
=IMAGE(Q733),548,BASCULIN,0,Basculin (Red-Striped),-,Water,,70,92,65,80,55,98,460,basculin,https://play.pokemonshowdown.com/sprites/gen5/basculin.png
=IMAGE(Q734),548,BASCULIN,1,Basculin (Blue-Striped),Blue-Striped,Water,,70,92,65,80,55,98,460,basculin-bluestriped,https://play.pokemonshowdown.com/sprites/gen5/basculin-bluestriped.png
=IMAGE(Q735),548,BASCULIN,2,Basculin (White-Striped),White-Striped,Water,,70,92,65,80,55,98,460,basculin-whitestriped,https://play.pokemonshowdown.com/sprites/gen5/basculin-whitestriped.png
=IMAGE(Q736),548,BASCULIN,3,Basculin (Form 3),Form 3,Water,,70,92,65,80,55,98,460,basculin-form3,https://play.pokemonshowdown.com/sprites/gen5/basculin-form3.png
=IMAGE(Q737),549,SANDILE,0,Sandile,-,Ground,Dark,50,72,35,35,35,65,292,sandile,https://play.pokemonshowdown.com/sprites/gen5/sandile.png
=IMAGE(Q738),550,KROKOROK,0,Krokorok,-,Ground,Dark,60,82,45,45,45,74,351,krokorok,https://play.pokemonshowdown.com/sprites/gen5/krokorok.png
=IMAGE(Q739),551,KROOKODILE,0,Krookodile,-,Ground,Dark,95,117,80,65,70,92,519,krookodile,https://play.pokemonshowdown.com/sprites/gen5/krookodile.png
=IMAGE(Q740),552,DARUMAKA,0,Darumaka,-,Fire,,70,90,45,15,45,50,315,darumaka,https://play.pokemonshowdown.com/sprites/gen5/darumaka.png
=IMAGE(Q741),552,DARUMAKA,2,Darumaka (Galarian),Galarian,Ice,,70,90,45,15,45,50,315,darumaka-galar,https://play.pokemonshowdown.com/sprites/gen5/darumaka-galar.png
=IMAGE(Q742),553,DARMANITAN,0,Darmanitan (Standard Mode),-,Fire,,105,140,55,30,55,95,480,darmanitan,https://play.pokemonshowdown.com/sprites/gen5/darmanitan.png
=IMAGE(Q743),553,DARMANITAN,1,Darmanitan (Zen Mode),Zen Mode,Fire,Psychic,105,30,105,140,105,55,540,darmanitan-zen,https://play.pokemonshowdown.com/sprites/gen5/darmanitan-zen.png
=IMAGE(Q744),553,DARMANITAN,2,Darmanitan (Galarian Standard Mode),Galarian Standard Mode,Ice,,105,140,55,30,55,95,480,darmanitan-galar,https://play.pokemonshowdown.com/sprites/gen5/darmanitan-galar.png
=IMAGE(Q745),553,DARMANITAN,3,Darmanitan (Galarian Zen Mode),Galarian Zen Mode,Ice,Fire,105,160,55,30,55,135,540,darmanitan-galarzen,https://play.pokemonshowdown.com/sprites/gen5/darmanitan-galarzen.png
=IMAGE(Q746),554,MARACTUS,0,Maractus,-,Grass,,75,86,67,106,67,60,461,maractus,https://play.pokemonshowdown.com/sprites/gen5/maractus.png
=IMAGE(Q747),555,DWEBBLE,0,Dwebble,-,Bug,Rock,50,65,85,35,35,55,325,dwebble,https://play.pokemonshowdown.com/sprites/gen5/dwebble.png
=IMAGE(Q748),556,CRUSTLE,0,Crustle,-,Bug,Rock,70,105,125,65,75,45,485,crustle,https://play.pokemonshowdown.com/sprites/gen5/crustle.png
=IMAGE(Q749),557,SCRAGGY,0,Scraggy,-,Dark,Fighting,50,75,70,35,70,48,348,scraggy,https://play.pokemonshowdown.com/sprites/gen5/scraggy.png
=IMAGE(Q750),558,SCRAFTY,0,Scrafty,-,Dark,Fighting,65,90,115,45,115,58,488,scrafty,https://play.pokemonshowdown.com/sprites/gen5/scrafty.png
=IMAGE(Q751),558,SCRAFTY,1,Scrafty (Mega Scrafty),Mega Scrafty,Dark,Fighting,65,130,135,55,135,68,588,scrafty-mega,https://play.pokemonshowdown.com/sprites/gen5/scrafty-mega.png
=IMAGE(Q752),559,SIGILYPH,0,Sigilyph,-,Psychic,Flying,72,58,80,103,80,97,490,sigilyph,https://play.pokemonshowdown.com/sprites/gen5/sigilyph.png
=IMAGE(Q753),560,YAMASK,0,Yamask,-,Ghost,,38,30,85,55,65,30,303,yamask,https://play.pokemonshowdown.com/sprites/gen5/yamask.png
=IMAGE(Q754),560,YAMASK,1,Yamask (Galarian),Galarian,Ground,Ghost,38,55,85,30,65,30,303,yamask-galar,https://play.pokemonshowdown.com/sprites/gen5/yamask-galar.png
=IMAGE(Q755),561,COFAGRIGUS,0,Cofagrigus,-,Ghost,,58,50,145,95,105,30,483,cofagrigus,https://play.pokemonshowdown.com/sprites/gen5/cofagrigus.png
=IMAGE(Q756),562,TIRTOUGA,0,Tirtouga,-,Water,Rock,54,78,103,53,45,22,355,tirtouga,https://play.pokemonshowdown.com/sprites/gen5/tirtouga.png
=IMAGE(Q757),563,CARRACOSTA,0,Carracosta,-,Water,Rock,74,108,133,83,65,32,495,carracosta,https://play.pokemonshowdown.com/sprites/gen5/carracosta.png
=IMAGE(Q758),564,ARCHEN,0,Archen,-,Rock,Flying,55,112,45,74,45,70,401,archen,https://play.pokemonshowdown.com/sprites/gen5/archen.png
=IMAGE(Q759),565,ARCHEOPS,0,Archeops,-,Rock,Flying,75,140,65,112,65,110,567,archeops,https://play.pokemonshowdown.com/sprites/gen5/archeops.png
=IMAGE(Q760),566,TRUBBISH,0,Trubbish,-,Poison,,50,50,62,40,62,65,329,trubbish,https://play.pokemonshowdown.com/sprites/gen5/trubbish.png
=IMAGE(Q761),567,GARBODOR,0,Garbodor,-,Poison,,80,95,82,60,82,75,474,garbodor,https://play.pokemonshowdown.com/sprites/gen5/garbodor.png
=IMAGE(Q762),568,ZORUA,0,Zorua,-,Dark,,40,65,40,80,40,65,330,zorua,https://play.pokemonshowdown.com/sprites/gen5/zorua.png
=IMAGE(Q763),568,ZORUA,1,Zorua (Hisuian),Hisuian,Normal,Ghost,35,60,40,85,40,70,330,zorua-hisui,https://play.pokemonshowdown.com/sprites/gen5/zorua-hisui.png
=IMAGE(Q764),569,ZOROARK,0,Zoroark,-,Dark,,60,105,60,120,60,105,510,zoroark,https://play.pokemonshowdown.com/sprites/gen5/zoroark.png
=IMAGE(Q765),569,ZOROARK,1,Zoroark (Hisuian),Hisuian,Normal,Ghost,55,100,60,125,60,110,510,zoroark-hisui,https://play.pokemonshowdown.com/sprites/gen5/zoroark-hisui.png
=IMAGE(Q766),570,MINCCINO,0,Minccino,-,Normal,,55,50,40,40,40,75,300,minccino,https://play.pokemonshowdown.com/sprites/gen5/minccino.png
=IMAGE(Q767),571,CINCCINO,0,Cinccino,-,Normal,,75,95,60,65,60,115,470,cinccino,https://play.pokemonshowdown.com/sprites/gen5/cinccino.png
=IMAGE(Q768),572,GOTHITA,0,Gothita,-,Psychic,,45,30,50,55,65,45,290,gothita,https://play.pokemonshowdown.com/sprites/gen5/gothita.png
=IMAGE(Q769),573,GOTHORITA,0,Gothorita,-,Psychic,,60,45,70,75,85,55,390,gothorita,https://play.pokemonshowdown.com/sprites/gen5/gothorita.png
=IMAGE(Q770),574,GOTHITELLE,0,Gothitelle,-,Psychic,,70,55,95,95,110,65,490,gothitelle,https://play.pokemonshowdown.com/sprites/gen5/gothitelle.png
=IMAGE(Q771),575,SOLOSIS,0,Solosis,-,Psychic,,45,30,40,105,50,20,290,solosis,https://play.pokemonshowdown.com/sprites/gen5/solosis.png
=IMAGE(Q772),576,DUOSION,0,Duosion,-,Psychic,,65,40,50,125,60,30,370,duosion,https://play.pokemonshowdown.com/sprites/gen5/duosion.png
=IMAGE(Q773),577,REUNICLUS,0,Reuniclus,-,Psychic,,110,65,75,125,85,30,490,reuniclus,https://play.pokemonshowdown.com/sprites/gen5/reuniclus.png
=IMAGE(Q774),578,DUCKLETT,0,Ducklett,-,Water,Flying,62,44,50,44,50,55,305,ducklett,https://play.pokemonshowdown.com/sprites/gen5/ducklett.png
=IMAGE(Q775),579,SWANNA,0,Swanna,-,Water,Flying,75,87,63,87,63,98,473,swanna,https://play.pokemonshowdown.com/sprites/gen5/swanna.png
=IMAGE(Q776),580,VANILLITE,0,Vanillite,-,Ice,,36,50,50,65,60,44,305,vanillite,https://play.pokemonshowdown.com/sprites/gen5/vanillite.png
=IMAGE(Q777),581,VANILLISH,0,Vanillish,-,Ice,,51,65,65,80,75,59,395,vanillish,https://play.pokemonshowdown.com/sprites/gen5/vanillish.png
=IMAGE(Q778),582,VANILLUXE,0,Vanilluxe,-,Ice,,71,95,85,110,95,79,535,vanilluxe,https://play.pokemonshowdown.com/sprites/gen5/vanilluxe.png
=IMAGE(Q779),583,DEERLING,0,Deerling (Spring Form),-,Normal,Grass,60,60,50,40,50,75,335,deerling,https://play.pokemonshowdown.com/sprites/gen5/deerling.png
=IMAGE(Q780),583,DEERLING,1,Deerling (Summer Form),Summer Form,Normal,Grass,60,60,50,40,50,75,335,deerling-summer,https://play.pokemonshowdown.com/sprites/gen5/deerling-summer.png
=IMAGE(Q781),583,DEERLING,2,Deerling (Autumn Form),Autumn Form,Normal,Grass,60,60,50,40,50,75,335,deerling-autumn,https://play.pokemonshowdown.com/sprites/gen5/deerling-autumn.png
=IMAGE(Q782),583,DEERLING,3,Deerling (Winter Form),Winter Form,Normal,Grass,60,60,50,40,50,75,335,deerling-winter,https://play.pokemonshowdown.com/sprites/gen5/deerling-winter.png
=IMAGE(Q783),584,SAWSBUCK,0,Sawsbuck (Spring Form),-,Normal,Grass,80,100,70,60,70,95,475,sawsbuck,https://play.pokemonshowdown.com/sprites/gen5/sawsbuck.png
=IMAGE(Q784),584,SAWSBUCK,1,Sawsbuck (Summer Form),Summer Form,Normal,Grass,80,100,70,60,70,95,475,sawsbuck-summer,https://play.pokemonshowdown.com/sprites/gen5/sawsbuck-summer.png
=IMAGE(Q785),584,SAWSBUCK,2,Sawsbuck (Autumn Form),Autumn Form,Normal,Grass,80,100,70,60,70,95,475,sawsbuck-autumn,https://play.pokemonshowdown.com/sprites/gen5/sawsbuck-autumn.png
=IMAGE(Q786),584,SAWSBUCK,3,Sawsbuck (Winter Form),Winter Form,Normal,Grass,80,100,70,60,70,95,475,sawsbuck-winter,https://play.pokemonshowdown.com/sprites/gen5/sawsbuck-winter.png
=IMAGE(Q787),585,EMOLGA,0,Emolga,-,Electric,Flying,55,75,60,75,60,103,428,emolga,https://play.pokemonshowdown.com/sprites/gen5/emolga.png
=IMAGE(Q788),586,KARRABLAST,0,Karrablast,-,Bug,,50,75,45,40,45,60,315,karrablast,https://play.pokemonshowdown.com/sprites/gen5/karrablast.png
=IMAGE(Q789),587,ESCAVALIER,0,Escavalier,-,Bug,Steel,70,135,105,60,105,20,495,escavalier,https://play.pokemonshowdown.com/sprites/gen5/escavalier.png
=IMAGE(Q790),588,FOONGUS,0,Foongus,-,Grass,Poison,69,55,45,55,55,15,294,foongus,https://play.pokemonshowdown.com/sprites/gen5/foongus.png
=IMAGE(Q791),589,AMOONGUSS,0,Amoonguss,-,Grass,Poison,114,85,70,85,80,30,464,amoonguss,https://play.pokemonshowdown.com/sprites/gen5/amoonguss.png
=IMAGE(Q792),590,FRILLISH,0,Frillish,-,Water,Ghost,55,40,50,65,85,40,335,frillish,https://play.pokemonshowdown.com/sprites/gen5/frillish.png
=IMAGE(Q793),591,JELLICENT,0,Jellicent,-,Water,Ghost,100,60,70,85,105,60,480,jellicent,https://play.pokemonshowdown.com/sprites/gen5/jellicent.png
=IMAGE(Q794),592,ALOMOMOLA,0,Alomomola,-,Water,,165,75,80,40,45,65,470,alomomola,https://play.pokemonshowdown.com/sprites/gen5/alomomola.png
=IMAGE(Q795),593,JOLTIK,0,Joltik,-,Bug,Electric,50,47,50,57,50,65,319,joltik,https://play.pokemonshowdown.com/sprites/gen5/joltik.png
=IMAGE(Q796),594,GALVANTULA,0,Galvantula,-,Bug,Electric,70,77,60,97,60,108,472,galvantula,https://play.pokemonshowdown.com/sprites/gen5/galvantula.png
=IMAGE(Q797),595,FERROSEED,0,Ferroseed,-,Grass,Steel,44,50,91,24,86,10,305,ferroseed,https://play.pokemonshowdown.com/sprites/gen5/ferroseed.png
=IMAGE(Q798),596,FERROTHORN,0,Ferrothorn,-,Grass,Steel,74,94,131,54,116,20,489,ferrothorn,https://play.pokemonshowdown.com/sprites/gen5/ferrothorn.png
=IMAGE(Q799),597,KLINK,0,Klink,-,Steel,,40,55,70,45,60,30,300,klink,https://play.pokemonshowdown.com/sprites/gen5/klink.png
=IMAGE(Q800),598,KLANG,0,Klang,-,Steel,,60,80,95,70,85,50,440,klang,https://play.pokemonshowdown.com/sprites/gen5/klang.png
=IMAGE(Q801),599,KLINKLANG,0,Klinklang,-,Steel,,60,100,115,70,85,90,520,klinklang,https://play.pokemonshowdown.com/sprites/gen5/klinklang.png
=IMAGE(Q802),600,TYNAMO,0,Tynamo,-,Electric,,35,55,40,45,40,60,275,tynamo,https://play.pokemonshowdown.com/sprites/gen5/tynamo.png
=IMAGE(Q803),601,EELEKTRIK,0,Eelektrik,-,Electric,,65,85,70,75,70,40,405,eelektrik,https://play.pokemonshowdown.com/sprites/gen5/eelektrik.png
=IMAGE(Q804),602,EELEKTROSS,0,Eelektross,-,Electric,,85,115,80,105,80,50,515,eelektross,https://play.pokemonshowdown.com/sprites/gen5/eelektross.png
=IMAGE(Q805),602,EELEKTROSS,1,Eelektross (Mega Eelektross),Mega Eelektross,Electric,,85,145,80,135,90,80,615,eelektross-mega,https://play.pokemonshowdown.com/sprites/gen5/eelektross-mega.png
=IMAGE(Q806),603,ELGYEM,0,Elgyem,-,Psychic,,55,55,55,85,55,30,335,elgyem,https://play.pokemonshowdown.com/sprites/gen5/elgyem.png
=IMAGE(Q807),604,BEHEEYEM,0,Beheeyem,-,Psychic,,75,75,75,125,95,40,485,beheeyem,https://play.pokemonshowdown.com/sprites/gen5/beheeyem.png
=IMAGE(Q808),605,LITWICK,0,Litwick,-,Ghost,Fire,50,30,55,65,55,20,275,litwick,https://play.pokemonshowdown.com/sprites/gen5/litwick.png
=IMAGE(Q809),606,LAMPENT,0,Lampent,-,Ghost,Fire,60,40,60,95,60,55,370,lampent,https://play.pokemonshowdown.com/sprites/gen5/lampent.png
=IMAGE(Q810),607,CHANDELURE,0,Chandelure,-,Ghost,Fire,60,55,90,145,90,80,520,chandelure,https://play.pokemonshowdown.com/sprites/gen5/chandelure.png
=IMAGE(Q811),607,CHANDELURE,1,Chandelure (Mega Chandelure),Mega Chandelure,Ghost,Fire,60,75,110,175,110,90,620,chandelure-mega,https://play.pokemonshowdown.com/sprites/gen5/chandelure-mega.png
=IMAGE(Q812),608,AXEW,0,Axew,-,Dragon,,46,87,60,30,40,57,320,axew,https://play.pokemonshowdown.com/sprites/gen5/axew.png
=IMAGE(Q813),609,FRAXURE,0,Fraxure,-,Dragon,,66,117,70,40,50,67,410,fraxure,https://play.pokemonshowdown.com/sprites/gen5/fraxure.png
=IMAGE(Q814),610,HAXORUS,0,Haxorus,-,Dragon,,76,147,90,60,70,97,540,haxorus,https://play.pokemonshowdown.com/sprites/gen5/haxorus.png
=IMAGE(Q815),611,CUBCHOO,0,Cubchoo,-,Ice,,55,70,40,60,40,40,305,cubchoo,https://play.pokemonshowdown.com/sprites/gen5/cubchoo.png
=IMAGE(Q816),612,BEARTIC,0,Beartic,-,Ice,,95,130,80,70,80,50,505,beartic,https://play.pokemonshowdown.com/sprites/gen5/beartic.png
=IMAGE(Q817),613,CRYOGONAL,0,Cryogonal,-,Ice,,80,50,50,95,135,105,515,cryogonal,https://play.pokemonshowdown.com/sprites/gen5/cryogonal.png
=IMAGE(Q818),614,SHELMET,0,Shelmet,-,Bug,,50,40,85,40,65,25,305,shelmet,https://play.pokemonshowdown.com/sprites/gen5/shelmet.png
=IMAGE(Q819),615,ACCELGOR,0,Accelgor,-,Bug,,80,70,40,100,60,145,495,accelgor,https://play.pokemonshowdown.com/sprites/gen5/accelgor.png
=IMAGE(Q820),616,STUNFISK,0,Stunfisk,-,Ground,Electric,109,66,84,81,99,32,471,stunfisk,https://play.pokemonshowdown.com/sprites/gen5/stunfisk.png
=IMAGE(Q821),616,STUNFISK,1,Stunfisk (Galarian),Galarian,Ground,Steel,109,81,99,66,84,32,471,stunfisk-galar,https://play.pokemonshowdown.com/sprites/gen5/stunfisk-galar.png
=IMAGE(Q822),617,MIENFOO,0,Mienfoo,-,Fighting,,45,85,50,55,50,65,350,mienfoo,https://play.pokemonshowdown.com/sprites/gen5/mienfoo.png
=IMAGE(Q823),618,MIENSHAO,0,Mienshao,-,Fighting,,65,125,60,95,60,105,510,mienshao,https://play.pokemonshowdown.com/sprites/gen5/mienshao.png
=IMAGE(Q824),619,DRUDDIGON,0,Druddigon,-,Dragon,,77,120,90,60,90,48,485,druddigon,https://play.pokemonshowdown.com/sprites/gen5/druddigon.png
=IMAGE(Q825),620,GOLETT,0,Golett,-,Ground,Ghost,59,74,50,35,50,35,303,golett,https://play.pokemonshowdown.com/sprites/gen5/golett.png
=IMAGE(Q826),621,GOLURK,0,Golurk,-,Ground,Ghost,89,124,80,55,80,55,483,golurk,https://play.pokemonshowdown.com/sprites/gen5/golurk.png
=IMAGE(Q827),621,GOLURK,1,Golurk (Mega Golurk),Mega Golurk,Ground,Ghost,89,159,105,70,105,55,583,golurk-mega,https://play.pokemonshowdown.com/sprites/gen5/golurk-mega.png
=IMAGE(Q828),622,PAWNIARD,0,Pawniard,-,Dark,Steel,45,85,70,40,40,60,340,pawniard,https://play.pokemonshowdown.com/sprites/gen5/pawniard.png
=IMAGE(Q829),623,BISHARP,0,Bisharp,-,Dark,Steel,65,125,100,60,70,70,490,bisharp,https://play.pokemonshowdown.com/sprites/gen5/bisharp.png
=IMAGE(Q830),624,BOUFFALANT,0,Bouffalant,-,Normal,,95,110,95,40,95,55,490,bouffalant,https://play.pokemonshowdown.com/sprites/gen5/bouffalant.png
=IMAGE(Q831),625,RUFFLET,0,Rufflet,-,Normal,Flying,70,83,50,37,50,60,350,rufflet,https://play.pokemonshowdown.com/sprites/gen5/rufflet.png
=IMAGE(Q832),626,BRAVIARY,0,Braviary,-,Normal,Flying,100,123,75,57,75,80,510,braviary,https://play.pokemonshowdown.com/sprites/gen5/braviary.png
=IMAGE(Q833),626,BRAVIARY,1,Braviary (Hisuian),Hisuian,Psychic,Flying,110,83,70,112,70,65,510,braviary-hisui,https://play.pokemonshowdown.com/sprites/gen5/braviary-hisui.png
=IMAGE(Q834),627,VULLABY,0,Vullaby,-,Dark,Flying,70,55,75,45,65,60,370,vullaby,https://play.pokemonshowdown.com/sprites/gen5/vullaby.png
=IMAGE(Q835),628,MANDIBUZZ,0,Mandibuzz,-,Dark,Flying,110,65,105,55,95,80,510,mandibuzz,https://play.pokemonshowdown.com/sprites/gen5/mandibuzz.png
=IMAGE(Q836),629,HEATMOR,0,Heatmor,-,Fire,,85,97,66,105,66,65,484,heatmor,https://play.pokemonshowdown.com/sprites/gen5/heatmor.png
=IMAGE(Q837),630,DURANT,0,Durant,-,Bug,Steel,58,109,112,48,48,109,484,durant,https://play.pokemonshowdown.com/sprites/gen5/durant.png
=IMAGE(Q838),631,DEINO,0,Deino,-,Dark,Dragon,52,65,50,45,50,38,300,deino,https://play.pokemonshowdown.com/sprites/gen5/deino.png
=IMAGE(Q839),632,ZWEILOUS,0,Zweilous,-,Dark,Dragon,72,85,70,65,70,58,420,zweilous,https://play.pokemonshowdown.com/sprites/gen5/zweilous.png
=IMAGE(Q840),633,HYDREIGON,0,Hydreigon,-,Dark,Dragon,92,105,90,125,90,98,600,hydreigon,https://play.pokemonshowdown.com/sprites/gen5/hydreigon.png
=IMAGE(Q841),634,LARVESTA,0,Larvesta,-,Bug,Fire,55,85,55,50,55,60,360,larvesta,https://play.pokemonshowdown.com/sprites/gen5/larvesta.png
=IMAGE(Q842),635,VOLCARONA,0,Volcarona,-,Bug,Fire,85,60,65,135,105,100,550,volcarona,https://play.pokemonshowdown.com/sprites/gen5/volcarona.png
=IMAGE(Q843),636,COBALION,0,Cobalion,-,Steel,Fighting,91,90,129,90,72,108,580,cobalion,https://play.pokemonshowdown.com/sprites/gen5/cobalion.png
=IMAGE(Q844),637,TERRAKION,0,Terrakion,-,Rock,Fighting,91,129,90,72,90,108,580,terrakion,https://play.pokemonshowdown.com/sprites/gen5/terrakion.png
=IMAGE(Q845),638,VIRIZION,0,Virizion,-,Grass,Fighting,91,90,72,90,129,108,580,virizion,https://play.pokemonshowdown.com/sprites/gen5/virizion.png
=IMAGE(Q846),639,TORNADUS,0,Tornadus (Incarnate Forme),-,Flying,,79,115,70,125,80,111,580,tornadus,https://play.pokemonshowdown.com/sprites/gen5/tornadus.png
=IMAGE(Q847),639,TORNADUS,1,Tornadus (Therian Forme),Therian Forme,Flying,,79,100,80,110,90,121,580,tornadus-therian,https://play.pokemonshowdown.com/sprites/gen5/tornadus-therian.png
=IMAGE(Q848),640,THUNDURUS,0,Thundurus (Incarnate Forme),-,Electric,Flying,79,115,70,125,80,111,580,thundurus,https://play.pokemonshowdown.com/sprites/gen5/thundurus.png
=IMAGE(Q849),640,THUNDURUS,1,Thundurus (Therian Forme),Therian Forme,Electric,Flying,79,105,70,145,80,101,580,thundurus-therian,https://play.pokemonshowdown.com/sprites/gen5/thundurus-therian.png
=IMAGE(Q850),641,RESHIRAM,0,Reshiram,-,Dragon,Fire,100,120,100,150,120,90,680,reshiram,https://play.pokemonshowdown.com/sprites/gen5/reshiram.png
=IMAGE(Q851),642,ZEKROM,0,Zekrom,-,Dragon,Electric,100,150,120,120,100,90,680,zekrom,https://play.pokemonshowdown.com/sprites/gen5/zekrom.png
=IMAGE(Q852),643,LANDORUS,0,Landorus (Incarnate Forme),-,Ground,Flying,89,125,90,115,80,101,600,landorus,https://play.pokemonshowdown.com/sprites/gen5/landorus.png
=IMAGE(Q853),643,LANDORUS,1,Landorus (Therian Forme),Therian Forme,Ground,Flying,89,145,90,105,80,91,600,landorus-therian,https://play.pokemonshowdown.com/sprites/gen5/landorus-therian.png
=IMAGE(Q854),644,KYUREM,0,Kyurem,-,Dragon,Ice,125,130,90,130,90,95,660,kyurem,https://play.pokemonshowdown.com/sprites/gen5/kyurem.png
=IMAGE(Q855),644,KYUREM,1,Kyurem (White Kyurem),White Kyurem,Dragon,Ice,125,120,90,170,100,95,700,kyurem-white,https://play.pokemonshowdown.com/sprites/gen5/kyurem-white.png
=IMAGE(Q856),644,KYUREM,2,Kyurem (Black Kyurem),Black Kyurem,Dragon,Ice,125,170,100,120,90,95,700,kyurem-black,https://play.pokemonshowdown.com/sprites/gen5/kyurem-black.png
=IMAGE(Q857),644,KYUREM,3,Kyurem (Form 3),Form 3,Dragon,Ice,125,120,90,170,100,95,700,kyurem-form3,https://play.pokemonshowdown.com/sprites/gen5/kyurem-form3.png
=IMAGE(Q858),644,KYUREM,4,Kyurem (Form 4),Form 4,Dragon,Ice,125,170,100,120,90,95,700,kyurem-form4,https://play.pokemonshowdown.com/sprites/gen5/kyurem-form4.png
=IMAGE(Q859),645,KELDEO,0,Keldeo (Ordinary Form),-,Water,Fighting,91,72,90,129,90,108,580,keldeo,https://play.pokemonshowdown.com/sprites/gen5/keldeo.png
=IMAGE(Q860),645,KELDEO,1,Keldeo (Resolute Form),Resolute Form,Water,Fighting,91,72,90,129,90,108,580,keldeo-resolute,https://play.pokemonshowdown.com/sprites/gen5/keldeo-resolute.png
=IMAGE(Q861),646,MELOETTA,0,Meloetta (Aria Forme),-,Normal,Psychic,100,77,77,128,128,90,600,meloetta,https://play.pokemonshowdown.com/sprites/gen5/meloetta.png
=IMAGE(Q862),646,MELOETTA,1,Meloetta (Pirouette Forme),Pirouette Forme,Normal,Fighting,100,128,90,77,77,128,600,meloetta-pirouette,https://play.pokemonshowdown.com/sprites/gen5/meloetta-pirouette.png
=IMAGE(Q863),647,GENESECT,0,Genesect (Normal),-,Bug,Steel,71,120,95,120,95,99,600,genesect,https://play.pokemonshowdown.com/sprites/gen5/genesect.png
=IMAGE(Q864),647,GENESECT,1,Genesect (Shock Drive),Shock Drive,Bug,Steel,71,120,95,120,95,99,600,genesect-shock,https://play.pokemonshowdown.com/sprites/gen5/genesect-shock.png
=IMAGE(Q865),647,GENESECT,2,Genesect (Burn Drive),Burn Drive,Bug,Steel,71,120,95,120,95,99,600,genesect-burn,https://play.pokemonshowdown.com/sprites/gen5/genesect-burn.png
=IMAGE(Q866),647,GENESECT,3,Genesect (Chill Drive),Chill Drive,Bug,Steel,71,120,95,120,95,99,600,genesect-chill,https://play.pokemonshowdown.com/sprites/gen5/genesect-chill.png
=IMAGE(Q867),647,GENESECT,4,Genesect (Douse Drive),Douse Drive,Bug,Steel,71,120,95,120,95,99,600,genesect-douse,https://play.pokemonshowdown.com/sprites/gen5/genesect-douse.png
=IMAGE(Q868),648,CHESPIN,0,Chespin,-,Grass,,56,61,65,48,45,38,313,chespin,https://play.pokemonshowdown.com/sprites/gen5/chespin.png
=IMAGE(Q869),649,QUILLADIN,0,Quilladin,-,Grass,,61,78,95,56,58,57,405,quilladin,https://play.pokemonshowdown.com/sprites/gen5/quilladin.png
=IMAGE(Q870),650,CHESNAUGHT,0,Chesnaught,-,Grass,Fighting,88,107,122,74,75,64,530,chesnaught,https://play.pokemonshowdown.com/sprites/gen5/chesnaught.png
=IMAGE(Q871),650,CHESNAUGHT,1,Chesnaught (Mega Chesnaught),Mega Chesnaught,Grass,Fighting,88,137,172,74,115,44,630,chesnaught-mega,https://play.pokemonshowdown.com/sprites/gen5/chesnaught-mega.png
=IMAGE(Q872),651,FENNEKIN,0,Fennekin,-,Fire,,40,45,40,62,60,60,307,fennekin,https://play.pokemonshowdown.com/sprites/gen5/fennekin.png
=IMAGE(Q873),652,BRAIXEN,0,Braixen,-,Fire,,59,59,58,90,70,73,409,braixen,https://play.pokemonshowdown.com/sprites/gen5/braixen.png
=IMAGE(Q874),653,DELPHOX,0,Delphox,-,Fire,Psychic,75,69,72,114,100,104,534,delphox,https://play.pokemonshowdown.com/sprites/gen5/delphox.png
=IMAGE(Q875),653,DELPHOX,1,Delphox (Mega Delphox),Mega Delphox,Fire,Psychic,75,69,72,159,125,134,634,delphox-mega,https://play.pokemonshowdown.com/sprites/gen5/delphox-mega.png
=IMAGE(Q876),654,FROAKIE,0,Froakie,-,Water,,41,56,40,62,44,71,314,froakie,https://play.pokemonshowdown.com/sprites/gen5/froakie.png
=IMAGE(Q877),655,FROGADIER,0,Frogadier,-,Water,,54,63,52,83,56,97,405,frogadier,https://play.pokemonshowdown.com/sprites/gen5/frogadier.png
=IMAGE(Q878),656,GRENINJA,0,Greninja,-,Water,Dark,72,95,67,103,71,122,530,greninja,https://play.pokemonshowdown.com/sprites/gen5/greninja.png
=IMAGE(Q879),656,GRENINJA,1,Greninja (Form 1),Form 1,Water,Dark,72,95,67,103,71,122,530,greninja-form1,https://play.pokemonshowdown.com/sprites/gen5/greninja-form1.png
=IMAGE(Q880),656,GRENINJA,2,Greninja (Ash-Greninja),Ash-Greninja,Water,Dark,72,145,67,153,71,132,640,greninja-ash,https://play.pokemonshowdown.com/sprites/gen5/greninja-ash.png
=IMAGE(Q881),656,GRENINJA,3,Greninja (Mega Greninja),Mega Greninja,Water,Dark,72,125,77,133,81,142,630,greninja-mega,https://play.pokemonshowdown.com/sprites/gen5/greninja-mega.png
=IMAGE(Q882),657,BUNNELBY,0,Bunnelby,-,Normal,,38,36,38,32,36,57,237,bunnelby,https://play.pokemonshowdown.com/sprites/gen5/bunnelby.png
=IMAGE(Q883),658,DIGGERSBY,0,Diggersby,-,Normal,Ground,85,56,77,50,77,78,423,diggersby,https://play.pokemonshowdown.com/sprites/gen5/diggersby.png
=IMAGE(Q884),659,FLETCHLING,0,Fletchling,-,Normal,Flying,45,50,43,40,38,62,278,fletchling,https://play.pokemonshowdown.com/sprites/gen5/fletchling.png
=IMAGE(Q885),660,FLETCHINDER,0,Fletchinder,-,Fire,Flying,62,73,55,56,52,84,382,fletchinder,https://play.pokemonshowdown.com/sprites/gen5/fletchinder.png
=IMAGE(Q886),661,TALONFLAME,0,Talonflame,-,Fire,Flying,78,81,71,74,69,126,499,talonflame,https://play.pokemonshowdown.com/sprites/gen5/talonflame.png
=IMAGE(Q887),662,SCATTERBUG,0,Scatterbug,-,Bug,,38,35,40,27,25,35,200,scatterbug,https://play.pokemonshowdown.com/sprites/gen5/scatterbug.png
=IMAGE(Q888),663,SPEWPA,0,Spewpa,-,Bug,,45,22,60,27,30,29,213,spewpa,https://play.pokemonshowdown.com/sprites/gen5/spewpa.png
=IMAGE(Q889),664,VIVILLON,0,Vivillon (Archipelago Pattern),-,Bug,Flying,80,52,50,90,50,89,411,vivillon,https://play.pokemonshowdown.com/sprites/gen5/vivillon.png
=IMAGE(Q890),664,VIVILLON,1,Vivillon (Continental Pattern),Continental Pattern,Bug,Flying,80,52,50,90,50,89,411,vivillon-continental,https://play.pokemonshowdown.com/sprites/gen5/vivillon-continental.png
=IMAGE(Q891),664,VIVILLON,2,Vivillon (Elegant Pattern),Elegant Pattern,Bug,Flying,80,52,50,90,50,89,411,vivillon-elegant,https://play.pokemonshowdown.com/sprites/gen5/vivillon-elegant.png
=IMAGE(Q892),664,VIVILLON,3,Vivillon (Garden Pattern),Garden Pattern,Bug,Flying,80,52,50,90,50,89,411,vivillon-garden,https://play.pokemonshowdown.com/sprites/gen5/vivillon-garden.png
=IMAGE(Q893),664,VIVILLON,4,Vivillon (High Plains Pattern),High Plains Pattern,Bug,Flying,80,52,50,90,50,89,411,vivillon-highplains,https://play.pokemonshowdown.com/sprites/gen5/vivillon-highplains.png
=IMAGE(Q894),664,VIVILLON,5,Vivillon (Icy Snow Pattern),Icy Snow Pattern,Bug,Flying,80,52,50,90,50,89,411,vivillon-icysnow,https://play.pokemonshowdown.com/sprites/gen5/vivillon-icysnow.png
=IMAGE(Q895),664,VIVILLON,6,Vivillon (Jungle Pattern),Jungle Pattern,Bug,Flying,80,52,50,90,50,89,411,vivillon-jungle,https://play.pokemonshowdown.com/sprites/gen5/vivillon-jungle.png
=IMAGE(Q896),664,VIVILLON,7,Vivillon (Marine Pattern),Marine Pattern,Bug,Flying,80,52,50,90,50,89,411,vivillon-marine,https://play.pokemonshowdown.com/sprites/gen5/vivillon-marine.png
=IMAGE(Q897),664,VIVILLON,8,Vivillon (Meadow Pattern),Meadow Pattern,Bug,Flying,80,52,50,90,50,89,411,vivillon-meadow,https://play.pokemonshowdown.com/sprites/gen5/vivillon-meadow.png
=IMAGE(Q898),664,VIVILLON,9,Vivillon (Modern Pattern),Modern Pattern,Bug,Flying,80,52,50,90,50,89,411,vivillon-modern,https://play.pokemonshowdown.com/sprites/gen5/vivillon-modern.png
=IMAGE(Q899),664,VIVILLON,10,Vivillon (Monsoon Pattern),Monsoon Pattern,Bug,Flying,80,52,50,90,50,89,411,vivillon-monsoon,https://play.pokemonshowdown.com/sprites/gen5/vivillon-monsoon.png
=IMAGE(Q900),664,VIVILLON,11,Vivillon (Ocean Pattern),Ocean Pattern,Bug,Flying,80,52,50,90,50,89,411,vivillon-ocean,https://play.pokemonshowdown.com/sprites/gen5/vivillon-ocean.png
=IMAGE(Q901),664,VIVILLON,12,Vivillon (Polar Pattern),Polar Pattern,Bug,Flying,80,52,50,90,50,89,411,vivillon-polar,https://play.pokemonshowdown.com/sprites/gen5/vivillon-polar.png
=IMAGE(Q902),664,VIVILLON,13,Vivillon (River Pattern),River Pattern,Bug,Flying,80,52,50,90,50,89,411,vivillon-river,https://play.pokemonshowdown.com/sprites/gen5/vivillon-river.png
=IMAGE(Q903),664,VIVILLON,14,Vivillon (Sandstorm Pattern),Sandstorm Pattern,Bug,Flying,80,52,50,90,50,89,411,vivillon-sandstorm,https://play.pokemonshowdown.com/sprites/gen5/vivillon-sandstorm.png
=IMAGE(Q904),664,VIVILLON,15,Vivillon (Savanna Pattern),Savanna Pattern,Bug,Flying,80,52,50,90,50,89,411,vivillon-savanna,https://play.pokemonshowdown.com/sprites/gen5/vivillon-savanna.png
=IMAGE(Q905),664,VIVILLON,16,Vivillon (Sun Pattern),Sun Pattern,Bug,Flying,80,52,50,90,50,89,411,vivillon-sun,https://play.pokemonshowdown.com/sprites/gen5/vivillon-sun.png
=IMAGE(Q906),664,VIVILLON,17,Vivillon (Tundra Pattern),Tundra Pattern,Bug,Flying,80,52,50,90,50,89,411,vivillon-tundra,https://play.pokemonshowdown.com/sprites/gen5/vivillon-tundra.png
=IMAGE(Q907),664,VIVILLON,18,Vivillon (Fancy Pattern),Fancy Pattern,Bug,Flying,80,52,50,90,50,89,411,vivillon-fancy,https://play.pokemonshowdown.com/sprites/gen5/vivillon-fancy.png
=IMAGE(Q908),664,VIVILLON,19,Vivillon (Poké Ball Pattern),Poké Ball Pattern,Bug,Flying,80,52,50,90,50,89,411,vivillon-pokball,https://play.pokemonshowdown.com/sprites/gen5/vivillon-pokball.png
=IMAGE(Q909),665,LITLEO,0,Litleo,-,Fire,Normal,62,50,58,73,54,72,369,litleo,https://play.pokemonshowdown.com/sprites/gen5/litleo.png
=IMAGE(Q910),666,PYROAR,0,Pyroar,-,Fire,Normal,86,68,72,109,66,106,507,pyroar,https://play.pokemonshowdown.com/sprites/gen5/pyroar.png
=IMAGE(Q911),666,PYROAR,1,Pyroar (Mega Pyroar),Mega Pyroar,Fire,Normal,86,88,92,129,86,126,607,pyroar-mega,https://play.pokemonshowdown.com/sprites/gen5/pyroar-mega.png
=IMAGE(Q912),667,FLABEBE,0,Flabébé (Red Flower),-,Fairy,,44,38,39,61,79,42,303,flabebe,https://play.pokemonshowdown.com/sprites/gen5/flabebe.png
=IMAGE(Q913),667,FLABEBE,1,Flabébé (Yellow Flower),Yellow Flower,Fairy,,44,38,39,61,79,42,303,flabebe-yellow,https://play.pokemonshowdown.com/sprites/gen5/flabebe-yellow.png
=IMAGE(Q914),667,FLABEBE,2,Flabébé (Orange Flower),Orange Flower,Fairy,,44,38,39,61,79,42,303,flabebe-orange,https://play.pokemonshowdown.com/sprites/gen5/flabebe-orange.png
=IMAGE(Q915),667,FLABEBE,3,Flabébé (Blue Flower),Blue Flower,Fairy,,44,38,39,61,79,42,303,flabebe-blue,https://play.pokemonshowdown.com/sprites/gen5/flabebe-blue.png
=IMAGE(Q916),667,FLABEBE,4,Flabébé (White Flower),White Flower,Fairy,,44,38,39,61,79,42,303,flabebe-white,https://play.pokemonshowdown.com/sprites/gen5/flabebe-white.png
=IMAGE(Q917),668,FLOETTE,0,Floette (Red Flower),-,Fairy,,54,45,47,75,98,52,371,floette,https://play.pokemonshowdown.com/sprites/gen5/floette.png
=IMAGE(Q918),668,FLOETTE,1,Floette (Yellow Flower),Yellow Flower,Fairy,,54,45,47,75,98,52,371,floette-yellow,https://play.pokemonshowdown.com/sprites/gen5/floette-yellow.png
=IMAGE(Q919),668,FLOETTE,2,Floette (Orange Flower),Orange Flower,Fairy,,54,45,47,75,98,52,371,floette-orange,https://play.pokemonshowdown.com/sprites/gen5/floette-orange.png
=IMAGE(Q920),668,FLOETTE,3,Floette (Blue Flower),Blue Flower,Fairy,,54,45,47,75,98,52,371,floette-blue,https://play.pokemonshowdown.com/sprites/gen5/floette-blue.png
=IMAGE(Q921),668,FLOETTE,4,Floette (White Flower),White Flower,Fairy,,54,45,47,75,98,52,371,floette-white,https://play.pokemonshowdown.com/sprites/gen5/floette-white.png
=IMAGE(Q922),668,FLOETTE,5,Floette (Eternal Flower),Eternal Flower,Fairy,,74,65,67,125,128,92,551,floette-eternal,https://play.pokemonshowdown.com/sprites/gen5/floette-eternal.png
=IMAGE(Q923),668,FLOETTE,6,Floette (Mega Floette),Mega Floette,Fairy,,74,85,87,155,148,102,651,floette-mega,https://play.pokemonshowdown.com/sprites/gen5/floette-mega.png
=IMAGE(Q924),669,FLORGES,0,Florges (Red Flower),-,Fairy,,78,65,68,112,154,75,552,florges,https://play.pokemonshowdown.com/sprites/gen5/florges.png
=IMAGE(Q925),669,FLORGES,1,Florges (Yellow Flower),Yellow Flower,Fairy,,78,65,68,112,154,75,552,florges-yellow,https://play.pokemonshowdown.com/sprites/gen5/florges-yellow.png
=IMAGE(Q926),669,FLORGES,2,Florges (Orange Flower),Orange Flower,Fairy,,78,65,68,112,154,75,552,florges-orange,https://play.pokemonshowdown.com/sprites/gen5/florges-orange.png
=IMAGE(Q927),669,FLORGES,3,Florges (Blue Flower),Blue Flower,Fairy,,78,65,68,112,154,75,552,florges-blue,https://play.pokemonshowdown.com/sprites/gen5/florges-blue.png
=IMAGE(Q928),669,FLORGES,4,Florges (White Flower),White Flower,Fairy,,78,65,68,112,154,75,552,florges-white,https://play.pokemonshowdown.com/sprites/gen5/florges-white.png
=IMAGE(Q929),670,SKIDDO,0,Skiddo,-,Grass,,66,65,48,62,57,52,350,skiddo,https://play.pokemonshowdown.com/sprites/gen5/skiddo.png
=IMAGE(Q930),671,GOGOAT,0,Gogoat,-,Grass,,123,100,62,97,81,68,531,gogoat,https://play.pokemonshowdown.com/sprites/gen5/gogoat.png
=IMAGE(Q931),672,PANCHAM,0,Pancham,-,Fighting,,67,82,62,46,48,43,348,pancham,https://play.pokemonshowdown.com/sprites/gen5/pancham.png
=IMAGE(Q932),673,PANGORO,0,Pangoro,-,Fighting,Dark,95,124,78,69,71,58,495,pangoro,https://play.pokemonshowdown.com/sprites/gen5/pangoro.png
=IMAGE(Q933),674,FURFROU,0,Furfrou (Natural Form),-,Normal,,75,80,60,65,90,102,472,furfrou,https://play.pokemonshowdown.com/sprites/gen5/furfrou.png
=IMAGE(Q934),674,FURFROU,1,Furfrou (Heart Trim),Heart Trim,Normal,,75,80,60,65,90,102,472,furfrou-heart,https://play.pokemonshowdown.com/sprites/gen5/furfrou-heart.png
=IMAGE(Q935),674,FURFROU,2,Furfrou (Star Trim),Star Trim,Normal,,75,80,60,65,90,102,472,furfrou-star,https://play.pokemonshowdown.com/sprites/gen5/furfrou-star.png
=IMAGE(Q936),674,FURFROU,3,Furfrou (Diamond Trim),Diamond Trim,Normal,,75,80,60,65,90,102,472,furfrou-diamond,https://play.pokemonshowdown.com/sprites/gen5/furfrou-diamond.png
=IMAGE(Q937),674,FURFROU,4,Furfrou (Debutante Trim),Debutante Trim,Normal,,75,80,60,65,90,102,472,furfrou-debutante,https://play.pokemonshowdown.com/sprites/gen5/furfrou-debutante.png
=IMAGE(Q938),674,FURFROU,5,Furfrou (Matron Trim),Matron Trim,Normal,,75,80,60,65,90,102,472,furfrou-matron,https://play.pokemonshowdown.com/sprites/gen5/furfrou-matron.png
=IMAGE(Q939),674,FURFROU,6,Furfrou (Dandy Trim),Dandy Trim,Normal,,75,80,60,65,90,102,472,furfrou-dandy,https://play.pokemonshowdown.com/sprites/gen5/furfrou-dandy.png
=IMAGE(Q940),674,FURFROU,7,Furfrou (La Reine Trim),La Reine Trim,Normal,,75,80,60,65,90,102,472,furfrou-lareine,https://play.pokemonshowdown.com/sprites/gen5/furfrou-lareine.png
=IMAGE(Q941),674,FURFROU,8,Furfrou (Kabuki Trim),Kabuki Trim,Normal,,75,80,60,65,90,102,472,furfrou-kabuki,https://play.pokemonshowdown.com/sprites/gen5/furfrou-kabuki.png
=IMAGE(Q942),674,FURFROU,9,Furfrou (Pharaoh Trim),Pharaoh Trim,Normal,,75,80,60,65,90,102,472,furfrou-pharaoh,https://play.pokemonshowdown.com/sprites/gen5/furfrou-pharaoh.png
=IMAGE(Q943),675,ESPURR,0,Espurr,-,Psychic,,62,48,54,63,60,68,355,espurr,https://play.pokemonshowdown.com/sprites/gen5/espurr.png
=IMAGE(Q944),676,MEOWSTIC,0,Meowstic (Male),-,Psychic,,74,48,76,83,81,104,466,meowstic,https://play.pokemonshowdown.com/sprites/gen5/meowstic.png
=IMAGE(Q945),676,MEOWSTIC,1,Meowstic (Female),Female,Psychic,,74,48,76,83,81,104,466,meowstic-f,https://play.pokemonshowdown.com/sprites/gen5/meowstic-f.png
=IMAGE(Q946),676,MEOWSTIC,2,Meowstic (Mega Meowstic),Mega Meowstic,Psychic,,74,48,76,143,101,124,566,meowstic-mega,https://play.pokemonshowdown.com/sprites/gen5/meowstic-mega.png
=IMAGE(Q947),676,MEOWSTIC,3,Meowstic (Form 3),Form 3,Psychic,,74,48,76,143,101,124,566,meowstic-form3,https://play.pokemonshowdown.com/sprites/gen5/meowstic-form3.png
=IMAGE(Q948),677,HONEDGE,0,Honedge,-,Steel,Ghost,45,80,100,35,37,28,325,honedge,https://play.pokemonshowdown.com/sprites/gen5/honedge.png
=IMAGE(Q949),678,DOUBLADE,0,Doublade,-,Steel,Ghost,59,110,150,45,49,35,448,doublade,https://play.pokemonshowdown.com/sprites/gen5/doublade.png
=IMAGE(Q950),679,AEGISLASH,0,Aegislash (Shield Forme),-,Steel,Ghost,60,50,140,50,140,60,500,aegislash,https://play.pokemonshowdown.com/sprites/gen5/aegislash.png
=IMAGE(Q951),679,AEGISLASH,1,Aegislash (Blade Forme),Blade Forme,Steel,Ghost,60,140,50,140,50,60,500,aegislash-blade,https://play.pokemonshowdown.com/sprites/gen5/aegislash-blade.png
=IMAGE(Q952),680,SPRITZEE,0,Spritzee,-,Fairy,,78,52,60,63,65,23,341,spritzee,https://play.pokemonshowdown.com/sprites/gen5/spritzee.png
=IMAGE(Q953),681,AROMATISSE,0,Aromatisse,-,Fairy,,101,72,72,99,89,29,462,aromatisse,https://play.pokemonshowdown.com/sprites/gen5/aromatisse.png
=IMAGE(Q954),682,SWIRLIX,0,Swirlix,-,Fairy,,62,48,66,59,57,49,341,swirlix,https://play.pokemonshowdown.com/sprites/gen5/swirlix.png
=IMAGE(Q955),683,SLURPUFF,0,Slurpuff,-,Fairy,,82,80,86,85,75,72,480,slurpuff,https://play.pokemonshowdown.com/sprites/gen5/slurpuff.png
=IMAGE(Q956),684,INKAY,0,Inkay,-,Dark,Psychic,53,54,53,37,46,45,288,inkay,https://play.pokemonshowdown.com/sprites/gen5/inkay.png
=IMAGE(Q957),685,MALAMAR,0,Malamar,-,Dark,Psychic,86,92,88,68,75,73,482,malamar,https://play.pokemonshowdown.com/sprites/gen5/malamar.png
=IMAGE(Q958),685,MALAMAR,1,Malamar (Mega Malamar),Mega Malamar,Dark,Psychic,86,102,88,98,120,88,582,malamar-mega,https://play.pokemonshowdown.com/sprites/gen5/malamar-mega.png
=IMAGE(Q959),686,BINACLE,0,Binacle,-,Rock,Water,42,52,67,39,56,50,306,binacle,https://play.pokemonshowdown.com/sprites/gen5/binacle.png
=IMAGE(Q960),687,BARBARACLE,0,Barbaracle,-,Rock,Water,72,105,115,54,86,68,500,barbaracle,https://play.pokemonshowdown.com/sprites/gen5/barbaracle.png
=IMAGE(Q961),687,BARBARACLE,1,Barbaracle (Mega Barbaracle),Mega Barbaracle,Rock,Fighting,72,140,130,64,106,88,600,barbaracle-mega,https://play.pokemonshowdown.com/sprites/gen5/barbaracle-mega.png
=IMAGE(Q962),688,SKRELP,0,Skrelp,-,Poison,Water,50,60,60,60,60,30,320,skrelp,https://play.pokemonshowdown.com/sprites/gen5/skrelp.png
=IMAGE(Q963),689,DRAGALGE,0,Dragalge,-,Poison,Dragon,65,75,90,97,123,44,494,dragalge,https://play.pokemonshowdown.com/sprites/gen5/dragalge.png
=IMAGE(Q964),689,DRAGALGE,1,Dragalge (Mega Dragalge),Mega Dragalge,Poison,Dragon,65,85,105,132,163,44,594,dragalge-mega,https://play.pokemonshowdown.com/sprites/gen5/dragalge-mega.png
=IMAGE(Q965),690,CLAUNCHER,0,Clauncher,-,Water,,50,53,62,58,63,44,330,clauncher,https://play.pokemonshowdown.com/sprites/gen5/clauncher.png
=IMAGE(Q966),691,CLAWITZER,0,Clawitzer,-,Water,,71,73,88,120,89,59,500,clawitzer,https://play.pokemonshowdown.com/sprites/gen5/clawitzer.png
=IMAGE(Q967),692,HELIOPTILE,0,Helioptile,-,Electric,Normal,44,38,33,61,43,70,289,helioptile,https://play.pokemonshowdown.com/sprites/gen5/helioptile.png
=IMAGE(Q968),693,HELIOLISK,0,Heliolisk,-,Electric,Normal,62,55,52,109,94,109,481,heliolisk,https://play.pokemonshowdown.com/sprites/gen5/heliolisk.png
=IMAGE(Q969),694,TYRUNT,0,Tyrunt,-,Rock,Dragon,58,89,77,45,45,48,362,tyrunt,https://play.pokemonshowdown.com/sprites/gen5/tyrunt.png
=IMAGE(Q970),695,TYRANTRUM,0,Tyrantrum,-,Rock,Dragon,82,121,119,69,59,71,521,tyrantrum,https://play.pokemonshowdown.com/sprites/gen5/tyrantrum.png
=IMAGE(Q971),696,AMAURA,0,Amaura,-,Rock,Ice,77,59,50,67,63,46,362,amaura,https://play.pokemonshowdown.com/sprites/gen5/amaura.png
=IMAGE(Q972),697,AURORUS,0,Aurorus,-,Rock,Ice,123,77,72,99,92,58,521,aurorus,https://play.pokemonshowdown.com/sprites/gen5/aurorus.png
=IMAGE(Q973),698,SYLVEON,0,Sylveon,-,Fairy,,95,65,65,110,130,60,525,sylveon,https://play.pokemonshowdown.com/sprites/gen5/sylveon.png
=IMAGE(Q974),699,HAWLUCHA,0,Hawlucha,-,Fighting,Flying,78,92,75,74,63,118,500,hawlucha,https://play.pokemonshowdown.com/sprites/gen5/hawlucha.png
=IMAGE(Q975),699,HAWLUCHA,1,Hawlucha (Mega Hawlucha),Mega Hawlucha,Fighting,Flying,78,137,100,74,93,118,600,hawlucha-mega,https://play.pokemonshowdown.com/sprites/gen5/hawlucha-mega.png
=IMAGE(Q976),700,DEDENNE,0,Dedenne,-,Electric,Fairy,67,58,57,81,67,101,431,dedenne,https://play.pokemonshowdown.com/sprites/gen5/dedenne.png
=IMAGE(Q977),701,CARBINK,0,Carbink,-,Rock,Fairy,50,50,150,50,150,50,500,carbink,https://play.pokemonshowdown.com/sprites/gen5/carbink.png
=IMAGE(Q978),702,GOOMY,0,Goomy,-,Dragon,,45,50,35,55,75,40,300,goomy,https://play.pokemonshowdown.com/sprites/gen5/goomy.png
=IMAGE(Q979),703,SLIGGOO,0,Sliggoo,-,Dragon,,68,75,53,83,113,60,452,sliggoo,https://play.pokemonshowdown.com/sprites/gen5/sliggoo.png
=IMAGE(Q980),703,SLIGGOO,1,Sliggoo (Hisuian),Hisuian,Steel,Dragon,58,75,83,83,113,40,452,sliggoo-hisui,https://play.pokemonshowdown.com/sprites/gen5/sliggoo-hisui.png
=IMAGE(Q981),704,GOODRA,0,Goodra,-,Dragon,,90,100,70,110,150,80,600,goodra,https://play.pokemonshowdown.com/sprites/gen5/goodra.png
=IMAGE(Q982),704,GOODRA,1,Goodra (Hisuian),Hisuian,Steel,Dragon,80,100,100,110,150,60,600,goodra-hisui,https://play.pokemonshowdown.com/sprites/gen5/goodra-hisui.png
=IMAGE(Q983),705,KLEFKI,0,Klefki,-,Steel,Fairy,57,80,91,80,87,75,470,klefki,https://play.pokemonshowdown.com/sprites/gen5/klefki.png
=IMAGE(Q984),706,PHANTUMP,0,Phantump,-,Ghost,Grass,43,70,48,50,60,38,309,phantump,https://play.pokemonshowdown.com/sprites/gen5/phantump.png
=IMAGE(Q985),707,TREVENANT,0,Trevenant,-,Ghost,Grass,85,110,76,65,82,56,474,trevenant,https://play.pokemonshowdown.com/sprites/gen5/trevenant.png
=IMAGE(Q986),708,PUMPKABOO,0,Pumpkaboo (Small Size),-,Ghost,Grass,44,66,70,44,55,56,335,pumpkaboo,https://play.pokemonshowdown.com/sprites/gen5/pumpkaboo.png
=IMAGE(Q987),708,PUMPKABOO,1,Pumpkaboo (Average Size),Average Size,Ghost,Grass,49,66,70,44,55,51,335,pumpkaboo,https://play.pokemonshowdown.com/sprites/gen5/pumpkaboo.png
=IMAGE(Q988),708,PUMPKABOO,2,Pumpkaboo (Large Size),Large Size,Ghost,Grass,54,66,70,44,55,46,335,pumpkaboo-large,https://play.pokemonshowdown.com/sprites/gen5/pumpkaboo-large.png
=IMAGE(Q989),708,PUMPKABOO,3,Pumpkaboo (Super Size),Super Size,Ghost,Grass,59,66,70,44,55,41,335,pumpkaboo-super,https://play.pokemonshowdown.com/sprites/gen5/pumpkaboo-super.png
=IMAGE(Q990),709,GOURGEIST,0,Gourgeist (Small Size),-,Ghost,Grass,55,85,122,58,75,99,494,gourgeist,https://play.pokemonshowdown.com/sprites/gen5/gourgeist.png
=IMAGE(Q991),709,GOURGEIST,1,Gourgeist (Average Size),Average Size,Ghost,Grass,65,90,122,58,75,84,494,gourgeist,https://play.pokemonshowdown.com/sprites/gen5/gourgeist.png
=IMAGE(Q992),709,GOURGEIST,2,Gourgeist (Large Size),Large Size,Ghost,Grass,75,95,122,58,75,69,494,gourgeist-large,https://play.pokemonshowdown.com/sprites/gen5/gourgeist-large.png
=IMAGE(Q993),709,GOURGEIST,3,Gourgeist (Super Size),Super Size,Ghost,Grass,85,100,122,58,75,54,494,gourgeist-super,https://play.pokemonshowdown.com/sprites/gen5/gourgeist-super.png
=IMAGE(Q994),710,BERGMITE,0,Bergmite,-,Ice,,55,69,85,32,35,28,304,bergmite,https://play.pokemonshowdown.com/sprites/gen5/bergmite.png
=IMAGE(Q995),711,AVALUGG,0,Avalugg,-,Ice,,95,117,184,44,46,28,514,avalugg,https://play.pokemonshowdown.com/sprites/gen5/avalugg.png
=IMAGE(Q996),711,AVALUGG,1,Avalugg (Hisuian),Hisuian,Ice,Rock,95,127,184,34,36,38,514,avalugg-hisui,https://play.pokemonshowdown.com/sprites/gen5/avalugg-hisui.png
=IMAGE(Q997),712,NOIBAT,0,Noibat,-,Flying,Dragon,40,30,35,45,40,55,245,noibat,https://play.pokemonshowdown.com/sprites/gen5/noibat.png
=IMAGE(Q998),713,NOIVERN,0,Noivern,-,Flying,Dragon,85,70,80,97,80,123,535,noivern,https://play.pokemonshowdown.com/sprites/gen5/noivern.png
=IMAGE(Q999),714,XERNEAS,0,Xerneas (Neutral Mode),-,Fairy,,126,131,95,131,98,99,680,xerneas,https://play.pokemonshowdown.com/sprites/gen5/xerneas.png
=IMAGE(Q1000),714,XERNEAS,1,Xerneas (Active Mode),Active Mode,Fairy,,126,131,95,131,98,99,680,xerneas-active,https://play.pokemonshowdown.com/sprites/gen5/xerneas-active.png
=IMAGE(Q1001),715,YVELTAL,0,Yveltal,-,Dark,Flying,126,131,95,131,98,99,680,yveltal,https://play.pokemonshowdown.com/sprites/gen5/yveltal.png
=IMAGE(Q1002),716,ZYGARDE,0,Zygarde (50% Forme),-,Dragon,Ground,108,100,121,81,95,95,600,zygarde,https://play.pokemonshowdown.com/sprites/gen5/zygarde.png
=IMAGE(Q1003),716,ZYGARDE,1,Zygarde (10% Forme),10% Forme,Dragon,Ground,54,100,71,61,85,115,486,zygarde-10,https://play.pokemonshowdown.com/sprites/gen5/zygarde-10.png
=IMAGE(Q1004),716,ZYGARDE,2,Zygarde (Complete Forme),Complete Forme,Dragon,Ground,216,100,121,91,95,85,708,zygarde-complete,https://play.pokemonshowdown.com/sprites/gen5/zygarde-complete.png
=IMAGE(Q1005),716,ZYGARDE,3,Zygarde (Form 3),Form 3,Dragon,Ground,216,100,121,91,95,85,708,zygarde-form3,https://play.pokemonshowdown.com/sprites/gen5/zygarde-form3.png
=IMAGE(Q1006),716,ZYGARDE,4,Zygarde (Mega Zygarde),Mega Zygarde,Dragon,Ground,216,70,91,216,85,100,778,zygarde-mega,https://play.pokemonshowdown.com/sprites/gen5/zygarde-mega.png
=IMAGE(Q1007),716,ZYGARDE,5,Zygarde (Form 5),Form 5,Dragon,Ground,216,70,91,216,85,100,778,zygarde-form5,https://play.pokemonshowdown.com/sprites/gen5/zygarde-form5.png
=IMAGE(Q1008),717,DIANCIE,0,Diancie,-,Rock,Fairy,50,100,150,100,150,50,600,diancie,https://play.pokemonshowdown.com/sprites/gen5/diancie.png
=IMAGE(Q1009),717,DIANCIE,1,Diancie (Mega Diancie),Mega Diancie,Rock,Fairy,50,160,110,160,110,110,700,diancie-mega,https://play.pokemonshowdown.com/sprites/gen5/diancie-mega.png
=IMAGE(Q1010),718,HOOPA,0,Hoopa (Hoopa Confined),-,Psychic,Ghost,80,110,60,150,130,70,600,hoopa,https://play.pokemonshowdown.com/sprites/gen5/hoopa.png
=IMAGE(Q1011),718,HOOPA,1,Hoopa (Hoopa Unbound),Hoopa Unbound,Psychic,Dark,80,160,60,170,130,80,680,hoopa-unbound,https://play.pokemonshowdown.com/sprites/gen5/hoopa-unbound.png
=IMAGE(Q1012),719,VOLCANION,0,Volcanion,-,Fire,Water,80,110,120,130,90,70,600,volcanion,https://play.pokemonshowdown.com/sprites/gen5/volcanion.png
=IMAGE(Q1013),720,ROWLET,0,Rowlet,-,Grass,Flying,68,55,55,50,50,42,320,rowlet,https://play.pokemonshowdown.com/sprites/gen5/rowlet.png
=IMAGE(Q1014),721,DARTRIX,0,Dartrix,-,Grass,Flying,78,75,75,70,70,52,420,dartrix,https://play.pokemonshowdown.com/sprites/gen5/dartrix.png
=IMAGE(Q1015),722,DECIDUEYE,0,Decidueye,-,Grass,Ghost,78,107,75,100,100,70,530,decidueye,https://play.pokemonshowdown.com/sprites/gen5/decidueye.png
=IMAGE(Q1016),722,DECIDUEYE,1,Decidueye (Hisuian),Hisuian,Grass,Fighting,88,112,80,95,95,60,530,decidueye-hisui,https://play.pokemonshowdown.com/sprites/gen5/decidueye-hisui.png
=IMAGE(Q1017),723,LITTEN,0,Litten,-,Fire,,45,65,40,60,40,70,320,litten,https://play.pokemonshowdown.com/sprites/gen5/litten.png
=IMAGE(Q1018),724,TORRACAT,0,Torracat,-,Fire,,65,85,50,80,50,90,420,torracat,https://play.pokemonshowdown.com/sprites/gen5/torracat.png
=IMAGE(Q1019),725,INCINEROAR,0,Incineroar,-,Fire,Dark,95,115,90,80,90,60,530,incineroar,https://play.pokemonshowdown.com/sprites/gen5/incineroar.png
=IMAGE(Q1020),726,POPPLIO,0,Popplio,-,Water,,50,54,54,66,56,40,320,popplio,https://play.pokemonshowdown.com/sprites/gen5/popplio.png
=IMAGE(Q1021),727,BRIONNE,0,Brionne,-,Water,,60,69,69,91,81,50,420,brionne,https://play.pokemonshowdown.com/sprites/gen5/brionne.png
=IMAGE(Q1022),728,PRIMARINA,0,Primarina,-,Water,Fairy,80,74,74,126,116,60,530,primarina,https://play.pokemonshowdown.com/sprites/gen5/primarina.png
=IMAGE(Q1023),729,PIKIPEK,0,Pikipek,-,Normal,Flying,35,75,30,30,30,65,265,pikipek,https://play.pokemonshowdown.com/sprites/gen5/pikipek.png
=IMAGE(Q1024),730,TRUMBEAK,0,Trumbeak,-,Normal,Flying,55,85,50,40,50,75,355,trumbeak,https://play.pokemonshowdown.com/sprites/gen5/trumbeak.png
=IMAGE(Q1025),731,TOUCANNON,0,Toucannon,-,Normal,Flying,80,120,75,75,75,60,485,toucannon,https://play.pokemonshowdown.com/sprites/gen5/toucannon.png
=IMAGE(Q1026),732,YUNGOOS,0,Yungoos,-,Normal,,48,70,30,30,30,45,253,yungoos,https://play.pokemonshowdown.com/sprites/gen5/yungoos.png
=IMAGE(Q1027),733,GUMSHOOS,0,Gumshoos,-,Normal,,88,110,60,55,60,45,418,gumshoos,https://play.pokemonshowdown.com/sprites/gen5/gumshoos.png
=IMAGE(Q1028),734,GRUBBIN,0,Grubbin,-,Bug,,47,62,45,55,45,46,300,grubbin,https://play.pokemonshowdown.com/sprites/gen5/grubbin.png
=IMAGE(Q1029),735,CHARJABUG,0,Charjabug,-,Bug,Electric,57,82,95,55,75,36,400,charjabug,https://play.pokemonshowdown.com/sprites/gen5/charjabug.png
=IMAGE(Q1030),736,VIKAVOLT,0,Vikavolt,-,Bug,Electric,77,70,90,145,75,43,500,vikavolt,https://play.pokemonshowdown.com/sprites/gen5/vikavolt.png
=IMAGE(Q1031),737,CRABRAWLER,0,Crabrawler,-,Fighting,,47,82,57,42,47,63,338,crabrawler,https://play.pokemonshowdown.com/sprites/gen5/crabrawler.png
=IMAGE(Q1032),738,CRABOMINABLE,0,Crabominable,-,Fighting,Ice,97,132,77,62,67,43,478,crabominable,https://play.pokemonshowdown.com/sprites/gen5/crabominable.png
=IMAGE(Q1033),738,CRABOMINABLE,1,Crabominable (Mega Crabominable),Mega Crabominable,Fighting,Ice,97,157,122,62,107,33,578,crabominable-mega,https://play.pokemonshowdown.com/sprites/gen5/crabominable-mega.png
=IMAGE(Q1034),739,ORICORIO,0,Oricorio (Baile Style),-,Fire,Flying,75,70,70,98,70,93,476,oricorio,https://play.pokemonshowdown.com/sprites/gen5/oricorio.png
=IMAGE(Q1035),739,ORICORIO,1,Oricorio (Pom-Pom Style),Pom-Pom Style,Electric,Flying,75,70,70,98,70,93,476,oricorio-pompom,https://play.pokemonshowdown.com/sprites/gen5/oricorio-pompom.png
=IMAGE(Q1036),739,ORICORIO,2,Oricorio (Pa'u Style),Pa'u Style,Psychic,Flying,75,70,70,98,70,93,476,oricorio-pau,https://play.pokemonshowdown.com/sprites/gen5/oricorio-pau.png
=IMAGE(Q1037),739,ORICORIO,3,Oricorio (Sensu Style),Sensu Style,Ghost,Flying,75,70,70,98,70,93,476,oricorio-sensu,https://play.pokemonshowdown.com/sprites/gen5/oricorio-sensu.png
=IMAGE(Q1038),740,CUTIEFLY,0,Cutiefly,-,Bug,Fairy,40,45,40,55,40,84,304,cutiefly,https://play.pokemonshowdown.com/sprites/gen5/cutiefly.png
=IMAGE(Q1039),741,RIBOMBEE,0,Ribombee,-,Bug,Fairy,60,55,60,95,70,124,464,ribombee,https://play.pokemonshowdown.com/sprites/gen5/ribombee.png
=IMAGE(Q1040),742,ROCKRUFF,0,Rockruff,-,Rock,,45,65,40,30,40,60,280,rockruff,https://play.pokemonshowdown.com/sprites/gen5/rockruff.png
=IMAGE(Q1041),742,ROCKRUFF,2,Rockruff (Form 2),Form 2,Rock,,45,65,40,30,40,60,280,rockruff-form2,https://play.pokemonshowdown.com/sprites/gen5/rockruff-form2.png
=IMAGE(Q1042),743,LYCANROC,0,Lycanroc (Midday Form),-,Rock,,75,115,65,55,65,112,487,lycanroc,https://play.pokemonshowdown.com/sprites/gen5/lycanroc.png
=IMAGE(Q1043),743,LYCANROC,1,Lycanroc (Midnight Form),Midnight Form,Rock,,85,115,75,55,75,82,487,lycanroc-midnight,https://play.pokemonshowdown.com/sprites/gen5/lycanroc-midnight.png
=IMAGE(Q1044),743,LYCANROC,2,Lycanroc (Dusk Form),Dusk Form,Rock,,75,117,65,55,65,110,487,lycanroc-dusk,https://play.pokemonshowdown.com/sprites/gen5/lycanroc-dusk.png
=IMAGE(Q1045),744,WISHIWASHI,0,Wishiwashi (Solo Form),-,Water,,45,20,20,25,25,40,175,wishiwashi,https://play.pokemonshowdown.com/sprites/gen5/wishiwashi.png
=IMAGE(Q1046),744,WISHIWASHI,1,Wishiwashi (School Form),School Form,Water,,45,140,130,140,135,30,620,wishiwashi-school,https://play.pokemonshowdown.com/sprites/gen5/wishiwashi-school.png
=IMAGE(Q1047),745,MAREANIE,0,Mareanie,-,Poison,Water,50,53,62,43,52,45,305,mareanie,https://play.pokemonshowdown.com/sprites/gen5/mareanie.png
=IMAGE(Q1048),746,TOXAPEX,0,Toxapex,-,Poison,Water,50,63,152,53,142,35,495,toxapex,https://play.pokemonshowdown.com/sprites/gen5/toxapex.png
=IMAGE(Q1049),747,MUDBRAY,0,Mudbray,-,Ground,,70,100,70,45,55,45,385,mudbray,https://play.pokemonshowdown.com/sprites/gen5/mudbray.png
=IMAGE(Q1050),748,MUDSDALE,0,Mudsdale,-,Ground,,100,125,100,55,85,35,500,mudsdale,https://play.pokemonshowdown.com/sprites/gen5/mudsdale.png
=IMAGE(Q1051),749,DEWPIDER,0,Dewpider,-,Water,Bug,38,40,52,40,72,27,269,dewpider,https://play.pokemonshowdown.com/sprites/gen5/dewpider.png
=IMAGE(Q1052),750,ARAQUANID,0,Araquanid,-,Water,Bug,68,70,92,50,132,42,454,araquanid,https://play.pokemonshowdown.com/sprites/gen5/araquanid.png
=IMAGE(Q1053),751,FOMANTIS,0,Fomantis,-,Grass,,40,55,35,50,35,35,250,fomantis,https://play.pokemonshowdown.com/sprites/gen5/fomantis.png
=IMAGE(Q1054),752,LURANTIS,0,Lurantis,-,Grass,,70,105,90,80,90,45,480,lurantis,https://play.pokemonshowdown.com/sprites/gen5/lurantis.png
=IMAGE(Q1055),753,MORELULL,0,Morelull,-,Grass,Fairy,40,35,55,65,75,15,285,morelull,https://play.pokemonshowdown.com/sprites/gen5/morelull.png
=IMAGE(Q1056),754,SHIINOTIC,0,Shiinotic,-,Grass,Fairy,60,45,80,90,100,30,405,shiinotic,https://play.pokemonshowdown.com/sprites/gen5/shiinotic.png
=IMAGE(Q1057),755,SALANDIT,0,Salandit,-,Poison,Fire,48,44,40,71,40,77,320,salandit,https://play.pokemonshowdown.com/sprites/gen5/salandit.png
=IMAGE(Q1058),756,SALAZZLE,0,Salazzle,-,Poison,Fire,68,64,60,111,60,117,480,salazzle,https://play.pokemonshowdown.com/sprites/gen5/salazzle.png
=IMAGE(Q1059),757,STUFFUL,0,Stufful,-,Normal,Fighting,70,75,50,45,50,50,340,stufful,https://play.pokemonshowdown.com/sprites/gen5/stufful.png
=IMAGE(Q1060),758,BEWEAR,0,Bewear,-,Normal,Fighting,120,125,80,55,60,60,500,bewear,https://play.pokemonshowdown.com/sprites/gen5/bewear.png
=IMAGE(Q1061),759,BOUNSWEET,0,Bounsweet,-,Grass,,42,30,38,30,38,32,210,bounsweet,https://play.pokemonshowdown.com/sprites/gen5/bounsweet.png
=IMAGE(Q1062),760,STEENEE,0,Steenee,-,Grass,,52,40,48,40,48,62,290,steenee,https://play.pokemonshowdown.com/sprites/gen5/steenee.png
=IMAGE(Q1063),761,TSAREENA,0,Tsareena,-,Grass,,72,120,98,50,98,72,510,tsareena,https://play.pokemonshowdown.com/sprites/gen5/tsareena.png
=IMAGE(Q1064),762,COMFEY,0,Comfey,-,Fairy,,51,52,90,82,110,100,485,comfey,https://play.pokemonshowdown.com/sprites/gen5/comfey.png
=IMAGE(Q1065),763,ORANGURU,0,Oranguru,-,Normal,Psychic,90,60,80,90,110,60,490,oranguru,https://play.pokemonshowdown.com/sprites/gen5/oranguru.png
=IMAGE(Q1066),764,PASSIMIAN,0,Passimian,-,Fighting,,100,120,90,40,60,80,490,passimian,https://play.pokemonshowdown.com/sprites/gen5/passimian.png
=IMAGE(Q1067),765,WIMPOD,0,Wimpod,-,Bug,Water,25,35,40,20,30,80,230,wimpod,https://play.pokemonshowdown.com/sprites/gen5/wimpod.png
=IMAGE(Q1068),766,GOLISOPOD,0,Golisopod,-,Bug,Water,75,125,140,60,90,40,530,golisopod,https://play.pokemonshowdown.com/sprites/gen5/golisopod.png
=IMAGE(Q1069),766,GOLISOPOD,1,Golisopod (Mega Golisopod),Mega Golisopod,Bug,Steel,75,150,175,70,120,40,630,golisopod-mega,https://play.pokemonshowdown.com/sprites/gen5/golisopod-mega.png
=IMAGE(Q1070),767,SANDYGAST,0,Sandygast,-,Ghost,Ground,55,55,80,70,45,15,320,sandygast,https://play.pokemonshowdown.com/sprites/gen5/sandygast.png
=IMAGE(Q1071),768,PALOSSAND,0,Palossand,-,Ghost,Ground,85,75,110,100,75,35,480,palossand,https://play.pokemonshowdown.com/sprites/gen5/palossand.png
=IMAGE(Q1072),769,PYUKUMUKU,0,Pyukumuku,-,Water,,55,60,130,30,130,5,410,pyukumuku,https://play.pokemonshowdown.com/sprites/gen5/pyukumuku.png
=IMAGE(Q1073),770,TYPENULL,0,Type: Null,-,Normal,,95,95,95,95,95,59,534,typenull,https://play.pokemonshowdown.com/sprites/gen5/typenull.png
=IMAGE(Q1074),771,SILVALLY,0,Silvally (Type: Normal),-,Normal,,95,95,95,95,95,95,570,silvally,https://play.pokemonshowdown.com/sprites/gen5/silvally.png
=IMAGE(Q1075),771,SILVALLY,1,Silvally (Type: Fighting),Type: Fighting,Fighting,,95,95,95,95,95,95,570,silvally-fighting,https://play.pokemonshowdown.com/sprites/gen5/silvally-fighting.png
=IMAGE(Q1076),771,SILVALLY,2,Silvally (Type: Flying),Type: Flying,Flying,,95,95,95,95,95,95,570,silvally-flying,https://play.pokemonshowdown.com/sprites/gen5/silvally-flying.png
=IMAGE(Q1077),771,SILVALLY,3,Silvally (Type: Poison),Type: Poison,Poison,,95,95,95,95,95,95,570,silvally-poison,https://play.pokemonshowdown.com/sprites/gen5/silvally-poison.png
=IMAGE(Q1078),771,SILVALLY,4,Silvally (Type: Ground),Type: Ground,Ground,,95,95,95,95,95,95,570,silvally-ground,https://play.pokemonshowdown.com/sprites/gen5/silvally-ground.png
=IMAGE(Q1079),771,SILVALLY,5,Silvally (Type: Rock),Type: Rock,Rock,,95,95,95,95,95,95,570,silvally-rock,https://play.pokemonshowdown.com/sprites/gen5/silvally-rock.png
=IMAGE(Q1080),771,SILVALLY,6,Silvally (Type: Bug),Type: Bug,Bug,,95,95,95,95,95,95,570,silvally-bug,https://play.pokemonshowdown.com/sprites/gen5/silvally-bug.png
=IMAGE(Q1081),771,SILVALLY,7,Silvally (Type: Ghost),Type: Ghost,Ghost,,95,95,95,95,95,95,570,silvally-ghost,https://play.pokemonshowdown.com/sprites/gen5/silvally-ghost.png
=IMAGE(Q1082),771,SILVALLY,8,Silvally (Type: Steel),Type: Steel,Steel,,95,95,95,95,95,95,570,silvally-steel,https://play.pokemonshowdown.com/sprites/gen5/silvally-steel.png
=IMAGE(Q1083),771,SILVALLY,9,Silvally (Type: Unknown),Type: Unknown,???,,95,95,95,95,95,95,570,silvally-unknown,https://play.pokemonshowdown.com/sprites/gen5/silvally-unknown.png
=IMAGE(Q1084),771,SILVALLY,10,Silvally (Type: Fire),Type: Fire,Fire,,95,95,95,95,95,95,570,silvally-fire,https://play.pokemonshowdown.com/sprites/gen5/silvally-fire.png
=IMAGE(Q1085),771,SILVALLY,11,Silvally (Type: Water),Type: Water,Water,,95,95,95,95,95,95,570,silvally-water,https://play.pokemonshowdown.com/sprites/gen5/silvally-water.png
=IMAGE(Q1086),771,SILVALLY,12,Silvally (Type: Grass),Type: Grass,Grass,,95,95,95,95,95,95,570,silvally-grass,https://play.pokemonshowdown.com/sprites/gen5/silvally-grass.png
=IMAGE(Q1087),771,SILVALLY,13,Silvally (Type: Electric),Type: Electric,Electric,,95,95,95,95,95,95,570,silvally-electric,https://play.pokemonshowdown.com/sprites/gen5/silvally-electric.png
=IMAGE(Q1088),771,SILVALLY,14,Silvally (Type: Psychic),Type: Psychic,Psychic,,95,95,95,95,95,95,570,silvally-psychic,https://play.pokemonshowdown.com/sprites/gen5/silvally-psychic.png
=IMAGE(Q1089),771,SILVALLY,15,Silvally (Type: Ice),Type: Ice,Ice,,95,95,95,95,95,95,570,silvally-ice,https://play.pokemonshowdown.com/sprites/gen5/silvally-ice.png
=IMAGE(Q1090),771,SILVALLY,16,Silvally (Type: Dragon),Type: Dragon,Dragon,,95,95,95,95,95,95,570,silvally-dragon,https://play.pokemonshowdown.com/sprites/gen5/silvally-dragon.png
=IMAGE(Q1091),771,SILVALLY,17,Silvally (Type: Dark),Type: Dark,Dark,,95,95,95,95,95,95,570,silvally-dark,https://play.pokemonshowdown.com/sprites/gen5/silvally-dark.png
=IMAGE(Q1092),771,SILVALLY,18,Silvally (Type: Fairy),Type: Fairy,Fairy,,95,95,95,95,95,95,570,silvally-fairy,https://play.pokemonshowdown.com/sprites/gen5/silvally-fairy.png
=IMAGE(Q1093),772,MINIOR,0,Minior (Meteor Form),-,Rock,Flying,60,60,100,60,100,60,440,minior,https://play.pokemonshowdown.com/sprites/gen5/minior.png
=IMAGE(Q1094),772,MINIOR,7,Minior (Red Core),Red Core,Rock,Flying,60,100,60,100,60,120,500,minior-red,https://play.pokemonshowdown.com/sprites/gen5/minior-red.png
=IMAGE(Q1095),772,MINIOR,8,Minior (Orange Core),Orange Core,Rock,Flying,60,100,60,100,60,120,500,minior-orange,https://play.pokemonshowdown.com/sprites/gen5/minior-orange.png
=IMAGE(Q1096),772,MINIOR,9,Minior (Yellow Core),Yellow Core,Rock,Flying,60,100,60,100,60,120,500,minior-yellow,https://play.pokemonshowdown.com/sprites/gen5/minior-yellow.png
=IMAGE(Q1097),772,MINIOR,10,Minior (Green Core),Green Core,Rock,Flying,60,100,60,100,60,120,500,minior-green,https://play.pokemonshowdown.com/sprites/gen5/minior-green.png
=IMAGE(Q1098),772,MINIOR,11,Minior (Blue Core),Blue Core,Rock,Flying,60,100,60,100,60,120,500,minior-blue,https://play.pokemonshowdown.com/sprites/gen5/minior-blue.png
=IMAGE(Q1099),772,MINIOR,12,Minior (Indigo Core),Indigo Core,Rock,Flying,60,100,60,100,60,120,500,minior-indigo,https://play.pokemonshowdown.com/sprites/gen5/minior-indigo.png
=IMAGE(Q1100),772,MINIOR,13,Minior (Violet Core),Violet Core,Rock,Flying,60,100,60,100,60,120,500,minior-violet,https://play.pokemonshowdown.com/sprites/gen5/minior-violet.png
=IMAGE(Q1101),773,KOMALA,0,Komala,-,Normal,,65,115,65,75,95,65,480,komala,https://play.pokemonshowdown.com/sprites/gen5/komala.png
=IMAGE(Q1102),774,TURTONATOR,0,Turtonator,-,Fire,Dragon,60,78,135,91,85,36,485,turtonator,https://play.pokemonshowdown.com/sprites/gen5/turtonator.png
=IMAGE(Q1103),775,TOGEDEMARU,0,Togedemaru,-,Electric,Steel,65,98,63,40,73,96,435,togedemaru,https://play.pokemonshowdown.com/sprites/gen5/togedemaru.png
=IMAGE(Q1104),776,MIMIKYU,0,Mimikyu (Disguised Form),-,Ghost,Fairy,55,90,80,50,105,96,476,mimikyu,https://play.pokemonshowdown.com/sprites/gen5/mimikyu.png
=IMAGE(Q1105),776,MIMIKYU,1,Mimikyu (Busted Form),Busted Form,Ghost,Fairy,55,90,80,50,105,96,476,mimikyu-busted,https://play.pokemonshowdown.com/sprites/gen5/mimikyu-busted.png
=IMAGE(Q1106),777,BRUXISH,0,Bruxish,-,Water,Psychic,68,105,70,70,70,92,475,bruxish,https://play.pokemonshowdown.com/sprites/gen5/bruxish.png
=IMAGE(Q1107),778,DRAMPA,0,Drampa,-,Normal,Dragon,78,60,85,135,91,36,485,drampa,https://play.pokemonshowdown.com/sprites/gen5/drampa.png
=IMAGE(Q1108),778,DRAMPA,1,Drampa (Mega Drampa),Mega Drampa,Normal,Dragon,78,85,110,160,116,36,585,drampa-mega,https://play.pokemonshowdown.com/sprites/gen5/drampa-mega.png
=IMAGE(Q1109),779,DHELMISE,0,Dhelmise,-,Ghost,Grass,70,131,100,86,90,40,517,dhelmise,https://play.pokemonshowdown.com/sprites/gen5/dhelmise.png
=IMAGE(Q1110),780,JANGMOO,0,Jangmo-o,-,Dragon,,45,55,65,45,45,45,300,jangmoo,https://play.pokemonshowdown.com/sprites/gen5/jangmoo.png
=IMAGE(Q1111),781,HAKAMOO,0,Hakamo-o,-,Dragon,Fighting,55,75,90,65,70,65,420,hakamoo,https://play.pokemonshowdown.com/sprites/gen5/hakamoo.png
=IMAGE(Q1112),782,KOMMOO,0,Kommo-o,-,Dragon,Fighting,75,110,125,100,105,85,600,kommoo,https://play.pokemonshowdown.com/sprites/gen5/kommoo.png
=IMAGE(Q1113),783,TAPUKOKO,0,Tapu Koko,-,Electric,Fairy,70,115,85,95,75,130,570,tapukoko,https://play.pokemonshowdown.com/sprites/gen5/tapukoko.png
=IMAGE(Q1114),784,TAPULELE,0,Tapu Lele,-,Psychic,Fairy,70,85,75,130,115,95,570,tapulele,https://play.pokemonshowdown.com/sprites/gen5/tapulele.png
=IMAGE(Q1115),785,TAPUBULU,0,Tapu Bulu,-,Grass,Fairy,70,130,115,85,95,75,570,tapubulu,https://play.pokemonshowdown.com/sprites/gen5/tapubulu.png
=IMAGE(Q1116),786,TAPUFINI,0,Tapu Fini,-,Water,Fairy,70,75,115,95,130,85,570,tapufini,https://play.pokemonshowdown.com/sprites/gen5/tapufini.png
=IMAGE(Q1117),787,COSMOG,0,Cosmog,-,Psychic,,43,29,31,29,31,37,200,cosmog,https://play.pokemonshowdown.com/sprites/gen5/cosmog.png
=IMAGE(Q1118),788,COSMOEM,0,Cosmoem,-,Psychic,,43,29,131,29,131,37,400,cosmoem,https://play.pokemonshowdown.com/sprites/gen5/cosmoem.png
=IMAGE(Q1119),789,SOLGALEO,0,Solgaleo,-,Psychic,Steel,137,137,107,113,89,97,680,solgaleo,https://play.pokemonshowdown.com/sprites/gen5/solgaleo.png
=IMAGE(Q1120),790,LUNALA,0,Lunala,-,Psychic,Ghost,137,113,89,137,107,97,680,lunala,https://play.pokemonshowdown.com/sprites/gen5/lunala.png
=IMAGE(Q1121),791,NIHILEGO,0,Nihilego,-,Rock,Poison,109,53,47,127,131,103,570,nihilego,https://play.pokemonshowdown.com/sprites/gen5/nihilego.png
=IMAGE(Q1122),792,BUZZWOLE,0,Buzzwole,-,Bug,Fighting,107,139,139,53,53,79,570,buzzwole,https://play.pokemonshowdown.com/sprites/gen5/buzzwole.png
=IMAGE(Q1123),793,PHEROMOSA,0,Pheromosa,-,Bug,Fighting,71,137,37,137,37,151,570,pheromosa,https://play.pokemonshowdown.com/sprites/gen5/pheromosa.png
=IMAGE(Q1124),794,XURKITREE,0,Xurkitree,-,Electric,,83,89,71,173,71,83,570,xurkitree,https://play.pokemonshowdown.com/sprites/gen5/xurkitree.png
=IMAGE(Q1125),795,CELESTEELA,0,Celesteela,-,Steel,Flying,97,101,103,107,101,61,570,celesteela,https://play.pokemonshowdown.com/sprites/gen5/celesteela.png
=IMAGE(Q1126),796,KARTANA,0,Kartana,-,Grass,Steel,59,181,131,59,31,109,570,kartana,https://play.pokemonshowdown.com/sprites/gen5/kartana.png
=IMAGE(Q1127),797,GUZZLORD,0,Guzzlord,-,Dark,Dragon,223,101,53,97,53,43,570,guzzlord,https://play.pokemonshowdown.com/sprites/gen5/guzzlord.png
=IMAGE(Q1128),798,NECROZMA,0,Necrozma,-,Psychic,,97,107,101,127,89,79,600,necrozma,https://play.pokemonshowdown.com/sprites/gen5/necrozma.png
=IMAGE(Q1129),798,NECROZMA,1,Necrozma (Dusk Mane),Dusk Mane,Psychic,Steel,97,157,127,113,109,77,680,necrozma-duskmane,https://play.pokemonshowdown.com/sprites/gen5/necrozma-duskmane.png
=IMAGE(Q1130),798,NECROZMA,2,Necrozma (Dawn Wings),Dawn Wings,Psychic,Ghost,97,113,109,157,127,77,680,necrozma-dawnwings,https://play.pokemonshowdown.com/sprites/gen5/necrozma-dawnwings.png
=IMAGE(Q1131),798,NECROZMA,3,Necrozma (Ultra Necrozma),Ultra Necrozma,Psychic,Dragon,97,167,97,167,97,129,754,necrozma-ultra,https://play.pokemonshowdown.com/sprites/gen5/necrozma-ultra.png
=IMAGE(Q1132),798,NECROZMA,4,Necrozma (Form 4),Form 4,Psychic,Dragon,97,167,97,167,97,129,754,necrozma-form4,https://play.pokemonshowdown.com/sprites/gen5/necrozma-form4.png
=IMAGE(Q1133),799,MAGEARNA,0,Magearna,-,Steel,Fairy,80,95,115,130,115,65,600,magearna,https://play.pokemonshowdown.com/sprites/gen5/magearna.png
=IMAGE(Q1134),799,MAGEARNA,1,Magearna (Original Color),Original Color,Steel,Fairy,80,95,115,130,115,65,600,magearna-original,https://play.pokemonshowdown.com/sprites/gen5/magearna-original.png
=IMAGE(Q1135),799,MAGEARNA,2,Magearna (Mega Magearna),Mega Magearna,Steel,Fairy,80,125,115,170,115,95,700,magearna-mega,https://play.pokemonshowdown.com/sprites/gen5/magearna-mega.png
=IMAGE(Q1136),799,MAGEARNA,3,Magearna (Mega Magearna (Original Color)),Mega Magearna (Original Color),Steel,Fairy,80,125,115,170,115,95,700,magearna-mega-original,https://play.pokemonshowdown.com/sprites/gen5/magearna-mega-original.png
=IMAGE(Q1137),800,MARSHADOW,0,Marshadow,-,Fighting,Ghost,90,125,80,90,90,125,600,marshadow,https://play.pokemonshowdown.com/sprites/gen5/marshadow.png
=IMAGE(Q1138),801,POIPOLE,0,Poipole,-,Poison,,67,73,67,73,67,73,420,poipole,https://play.pokemonshowdown.com/sprites/gen5/poipole.png
=IMAGE(Q1139),802,NAGANADEL,0,Naganadel,-,Poison,Dragon,73,73,73,127,73,121,540,naganadel,https://play.pokemonshowdown.com/sprites/gen5/naganadel.png
=IMAGE(Q1140),803,STAKATAKA,0,Stakataka,-,Rock,Steel,61,131,211,53,101,13,570,stakataka,https://play.pokemonshowdown.com/sprites/gen5/stakataka.png
=IMAGE(Q1141),804,BLACEPHALON,0,Blacephalon,-,Fire,Ghost,53,127,53,151,79,107,570,blacephalon,https://play.pokemonshowdown.com/sprites/gen5/blacephalon.png
=IMAGE(Q1142),805,ZERAORA,0,Zeraora,-,Electric,,88,112,75,102,80,143,600,zeraora,https://play.pokemonshowdown.com/sprites/gen5/zeraora.png
=IMAGE(Q1143),805,ZERAORA,1,Zeraora (Mega Zeraora),Mega Zeraora,Electric,,88,157,75,147,80,153,700,zeraora-mega,https://play.pokemonshowdown.com/sprites/gen5/zeraora-mega.png
=IMAGE(Q1144),806,MELTAN,0,Meltan,-,Steel,,46,65,65,55,35,34,300,meltan,https://play.pokemonshowdown.com/sprites/gen5/meltan.png
=IMAGE(Q1145),807,MELMETAL,0,Melmetal,-,Steel,,135,143,143,80,65,34,600,melmetal,https://play.pokemonshowdown.com/sprites/gen5/melmetal.png
=IMAGE(Q1146),808,GROOKEY,0,Grookey,-,Grass,,50,65,50,40,40,65,310,grookey,https://play.pokemonshowdown.com/sprites/gen5/grookey.png
=IMAGE(Q1147),809,THWACKEY,0,Thwackey,-,Grass,,70,85,70,55,60,80,420,thwackey,https://play.pokemonshowdown.com/sprites/gen5/thwackey.png
=IMAGE(Q1148),810,RILLABOOM,0,Rillaboom,-,Grass,,100,125,90,60,70,85,530,rillaboom,https://play.pokemonshowdown.com/sprites/gen5/rillaboom.png
=IMAGE(Q1149),811,SCORBUNNY,0,Scorbunny,-,Fire,,50,71,40,40,40,69,310,scorbunny,https://play.pokemonshowdown.com/sprites/gen5/scorbunny.png
=IMAGE(Q1150),812,RABOOT,0,Raboot,-,Fire,,65,86,60,55,60,94,420,raboot,https://play.pokemonshowdown.com/sprites/gen5/raboot.png
=IMAGE(Q1151),813,CINDERACE,0,Cinderace,-,Fire,,80,116,75,65,75,119,530,cinderace,https://play.pokemonshowdown.com/sprites/gen5/cinderace.png
=IMAGE(Q1152),814,SOBBLE,0,Sobble,-,Water,,50,40,40,70,40,70,310,sobble,https://play.pokemonshowdown.com/sprites/gen5/sobble.png
=IMAGE(Q1153),815,DRIZZILE,0,Drizzile,-,Water,,65,60,55,95,55,90,420,drizzile,https://play.pokemonshowdown.com/sprites/gen5/drizzile.png
=IMAGE(Q1154),816,INTELEON,0,Inteleon,-,Water,,70,85,65,125,65,120,530,inteleon,https://play.pokemonshowdown.com/sprites/gen5/inteleon.png
=IMAGE(Q1155),817,SKWOVET,0,Skwovet,-,Normal,,70,55,55,35,35,25,275,skwovet,https://play.pokemonshowdown.com/sprites/gen5/skwovet.png
=IMAGE(Q1156),818,GREEDENT,0,Greedent,-,Normal,,120,95,95,55,75,20,460,greedent,https://play.pokemonshowdown.com/sprites/gen5/greedent.png
=IMAGE(Q1157),819,ROOKIDEE,0,Rookidee,-,Flying,,38,47,35,33,35,57,245,rookidee,https://play.pokemonshowdown.com/sprites/gen5/rookidee.png
=IMAGE(Q1158),820,CORVISQUIRE,0,Corvisquire,-,Flying,,68,67,55,43,55,77,365,corvisquire,https://play.pokemonshowdown.com/sprites/gen5/corvisquire.png
=IMAGE(Q1159),821,CORVIKNIGHT,0,Corviknight,-,Flying,Steel,98,87,105,53,85,67,495,corviknight,https://play.pokemonshowdown.com/sprites/gen5/corviknight.png
=IMAGE(Q1160),822,BLIPBUG,0,Blipbug,-,Bug,,25,20,20,25,45,45,180,blipbug,https://play.pokemonshowdown.com/sprites/gen5/blipbug.png
=IMAGE(Q1161),823,DOTTLER,0,Dottler,-,Bug,Psychic,50,35,80,50,90,30,335,dottler,https://play.pokemonshowdown.com/sprites/gen5/dottler.png
=IMAGE(Q1162),824,ORBEETLE,0,Orbeetle,-,Bug,Psychic,60,45,110,80,120,90,505,orbeetle,https://play.pokemonshowdown.com/sprites/gen5/orbeetle.png
=IMAGE(Q1163),825,NICKIT,0,Nickit,-,Dark,,40,28,28,47,52,50,245,nickit,https://play.pokemonshowdown.com/sprites/gen5/nickit.png
=IMAGE(Q1164),826,THIEVUL,0,Thievul,-,Dark,,70,58,58,87,92,90,455,thievul,https://play.pokemonshowdown.com/sprites/gen5/thievul.png
=IMAGE(Q1165),827,GOSSIFLEUR,0,Gossifleur,-,Grass,,40,40,60,40,60,10,250,gossifleur,https://play.pokemonshowdown.com/sprites/gen5/gossifleur.png
=IMAGE(Q1166),828,ELDEGOSS,0,Eldegoss,-,Grass,,60,50,90,80,120,60,460,eldegoss,https://play.pokemonshowdown.com/sprites/gen5/eldegoss.png
=IMAGE(Q1167),829,WOOLOO,0,Wooloo,-,Normal,,42,40,55,40,45,48,270,wooloo,https://play.pokemonshowdown.com/sprites/gen5/wooloo.png
=IMAGE(Q1168),830,DUBWOOL,0,Dubwool,-,Normal,,72,80,100,60,90,88,490,dubwool,https://play.pokemonshowdown.com/sprites/gen5/dubwool.png
=IMAGE(Q1169),831,CHEWTLE,0,Chewtle,-,Water,,50,64,50,38,38,44,284,chewtle,https://play.pokemonshowdown.com/sprites/gen5/chewtle.png
=IMAGE(Q1170),832,DREDNAW,0,Drednaw,-,Water,Rock,90,115,90,48,68,74,485,drednaw,https://play.pokemonshowdown.com/sprites/gen5/drednaw.png
=IMAGE(Q1171),833,YAMPER,0,Yamper,-,Electric,,59,45,50,40,50,26,270,yamper,https://play.pokemonshowdown.com/sprites/gen5/yamper.png
=IMAGE(Q1172),834,BOLTUND,0,Boltund,-,Electric,,69,90,60,90,60,121,490,boltund,https://play.pokemonshowdown.com/sprites/gen5/boltund.png
=IMAGE(Q1173),835,ROLYCOLY,0,Rolycoly,-,Rock,,30,40,50,40,50,30,240,rolycoly,https://play.pokemonshowdown.com/sprites/gen5/rolycoly.png
=IMAGE(Q1174),836,CARKOL,0,Carkol,-,Rock,Fire,80,60,90,60,70,50,410,carkol,https://play.pokemonshowdown.com/sprites/gen5/carkol.png
=IMAGE(Q1175),837,COALOSSAL,0,Coalossal,-,Rock,Fire,110,80,120,80,90,30,510,coalossal,https://play.pokemonshowdown.com/sprites/gen5/coalossal.png
=IMAGE(Q1176),838,APPLIN,0,Applin,-,Grass,Dragon,40,40,80,40,40,20,260,applin,https://play.pokemonshowdown.com/sprites/gen5/applin.png
=IMAGE(Q1177),839,FLAPPLE,0,Flapple,-,Grass,Dragon,70,110,80,95,60,70,485,flapple,https://play.pokemonshowdown.com/sprites/gen5/flapple.png
=IMAGE(Q1178),840,APPLETUN,0,Appletun,-,Grass,Dragon,110,85,80,100,80,30,485,appletun,https://play.pokemonshowdown.com/sprites/gen5/appletun.png
=IMAGE(Q1179),841,SILICOBRA,0,Silicobra,-,Ground,,52,57,75,35,50,46,315,silicobra,https://play.pokemonshowdown.com/sprites/gen5/silicobra.png
=IMAGE(Q1180),842,SANDACONDA,0,Sandaconda,-,Ground,,72,107,125,65,70,71,510,sandaconda,https://play.pokemonshowdown.com/sprites/gen5/sandaconda.png
=IMAGE(Q1181),843,CRAMORANT,0,Cramorant,-,Flying,Water,70,85,55,85,95,85,475,cramorant,https://play.pokemonshowdown.com/sprites/gen5/cramorant.png
=IMAGE(Q1182),843,CRAMORANT,1,Cramorant (Gulping Form),Gulping Form,Flying,Water,70,85,55,85,95,85,475,cramorant-gulping,https://play.pokemonshowdown.com/sprites/gen5/cramorant-gulping.png
=IMAGE(Q1183),843,CRAMORANT,2,Cramorant (Gorging Form),Gorging Form,Flying,Water,70,85,55,85,95,85,475,cramorant-gorging,https://play.pokemonshowdown.com/sprites/gen5/cramorant-gorging.png
=IMAGE(Q1184),844,ARROKUDA,0,Arrokuda,-,Water,,41,63,40,40,30,66,280,arrokuda,https://play.pokemonshowdown.com/sprites/gen5/arrokuda.png
=IMAGE(Q1185),845,BARRASKEWDA,0,Barraskewda,-,Water,,61,123,60,60,50,136,490,barraskewda,https://play.pokemonshowdown.com/sprites/gen5/barraskewda.png
=IMAGE(Q1186),846,TOXEL,0,Toxel,-,Electric,Poison,40,38,35,54,35,40,242,toxel,https://play.pokemonshowdown.com/sprites/gen5/toxel.png
=IMAGE(Q1187),847,TOXTRICITY,0,Toxtricity (Amped Form),-,Electric,Poison,75,98,70,114,70,75,502,toxtricity,https://play.pokemonshowdown.com/sprites/gen5/toxtricity.png
=IMAGE(Q1188),847,TOXTRICITY,1,Toxtricity (Low Key Form),Low Key Form,Electric,Poison,75,98,70,114,70,75,502,toxtricity-lowkey,https://play.pokemonshowdown.com/sprites/gen5/toxtricity-lowkey.png
=IMAGE(Q1189),848,SIZZLIPEDE,0,Sizzlipede,-,Fire,Bug,50,65,45,50,50,45,305,sizzlipede,https://play.pokemonshowdown.com/sprites/gen5/sizzlipede.png
=IMAGE(Q1190),849,CENTISKORCH,0,Centiskorch,-,Fire,Bug,100,115,65,90,90,65,525,centiskorch,https://play.pokemonshowdown.com/sprites/gen5/centiskorch.png
=IMAGE(Q1191),850,CLOBBOPUS,0,Clobbopus,-,Fighting,,50,68,60,50,50,32,310,clobbopus,https://play.pokemonshowdown.com/sprites/gen5/clobbopus.png
=IMAGE(Q1192),851,GRAPPLOCT,0,Grapploct,-,Fighting,,80,118,90,70,80,42,480,grapploct,https://play.pokemonshowdown.com/sprites/gen5/grapploct.png
=IMAGE(Q1193),852,SINISTEA,0,Sinistea (Phony Form),-,Ghost,,40,45,45,74,54,50,308,sinistea,https://play.pokemonshowdown.com/sprites/gen5/sinistea.png
=IMAGE(Q1194),852,SINISTEA,1,Sinistea (Antique Form),Antique Form,Ghost,,40,45,45,74,54,50,308,sinistea-antique,https://play.pokemonshowdown.com/sprites/gen5/sinistea-antique.png
=IMAGE(Q1195),853,POLTEAGEIST,0,Polteageist (Phony Form),-,Ghost,,60,65,65,134,114,70,508,polteageist,https://play.pokemonshowdown.com/sprites/gen5/polteageist.png
=IMAGE(Q1196),853,POLTEAGEIST,1,Polteageist (Antique Form),Antique Form,Ghost,,60,65,65,134,114,70,508,polteageist-antique,https://play.pokemonshowdown.com/sprites/gen5/polteageist-antique.png
=IMAGE(Q1197),854,HATENNA,0,Hatenna,-,Psychic,,42,30,45,56,53,39,265,hatenna,https://play.pokemonshowdown.com/sprites/gen5/hatenna.png
=IMAGE(Q1198),855,HATTREM,0,Hattrem,-,Psychic,,57,40,65,86,73,49,370,hattrem,https://play.pokemonshowdown.com/sprites/gen5/hattrem.png
=IMAGE(Q1199),856,HATTERENE,0,Hatterene,-,Psychic,Fairy,57,90,95,136,103,29,510,hatterene,https://play.pokemonshowdown.com/sprites/gen5/hatterene.png
=IMAGE(Q1200),857,IMPIDIMP,0,Impidimp,-,Dark,Fairy,45,45,30,55,40,50,265,impidimp,https://play.pokemonshowdown.com/sprites/gen5/impidimp.png
=IMAGE(Q1201),858,MORGREM,0,Morgrem,-,Dark,Fairy,65,60,45,75,55,70,370,morgrem,https://play.pokemonshowdown.com/sprites/gen5/morgrem.png
=IMAGE(Q1202),859,GRIMMSNARL,0,Grimmsnarl,-,Dark,Fairy,95,120,65,95,75,60,510,grimmsnarl,https://play.pokemonshowdown.com/sprites/gen5/grimmsnarl.png
=IMAGE(Q1203),860,OBSTAGOON,0,Obstagoon,-,Dark,Normal,93,90,101,60,81,95,520,obstagoon,https://play.pokemonshowdown.com/sprites/gen5/obstagoon.png
=IMAGE(Q1204),861,PERRSERKER,0,Perrserker,-,Steel,,70,110,100,50,60,50,440,perrserker,https://play.pokemonshowdown.com/sprites/gen5/perrserker.png
=IMAGE(Q1205),862,CURSOLA,0,Cursola,-,Ghost,,60,95,50,145,130,30,510,cursola,https://play.pokemonshowdown.com/sprites/gen5/cursola.png
=IMAGE(Q1206),863,SIRFETCHD,0,Sirfetch'd,-,Fighting,,62,135,95,68,82,65,507,sirfetchd,https://play.pokemonshowdown.com/sprites/gen5/sirfetchd.png
=IMAGE(Q1207),864,MRRIME,0,Mr. Rime,-,Ice,Psychic,80,85,75,110,100,70,520,mrrime,https://play.pokemonshowdown.com/sprites/gen5/mrrime.png
=IMAGE(Q1208),865,RUNERIGUS,0,Runerigus,-,Ground,Ghost,58,95,145,50,105,30,483,runerigus,https://play.pokemonshowdown.com/sprites/gen5/runerigus.png
=IMAGE(Q1209),866,MILCERY,0,Milcery,-,Fairy,,45,40,40,50,61,34,270,milcery,https://play.pokemonshowdown.com/sprites/gen5/milcery.png
=IMAGE(Q1210),867,ALCREMIE,0,Alcremie (Vanilla Cream),-,Fairy,,65,60,75,110,121,64,495,alcremie,https://play.pokemonshowdown.com/sprites/gen5/alcremie.png
=IMAGE(Q1211),867,ALCREMIE,7,Alcremie (Ruby Cream),Ruby Cream,Fairy,,65,60,75,110,121,64,495,alcremie-ruby,https://play.pokemonshowdown.com/sprites/gen5/alcremie-ruby.png
=IMAGE(Q1212),867,ALCREMIE,8,Alcremie (Form 8),Form 8,Fairy,,65,60,75,110,121,64,495,alcremie-form8,https://play.pokemonshowdown.com/sprites/gen5/alcremie-form8.png
=IMAGE(Q1213),867,ALCREMIE,9,Alcremie (Form 9),Form 9,Fairy,,65,60,75,110,121,64,495,alcremie-form9,https://play.pokemonshowdown.com/sprites/gen5/alcremie-form9.png
=IMAGE(Q1214),867,ALCREMIE,10,Alcremie (Form 10),Form 10,Fairy,,65,60,75,110,121,64,495,alcremie-form10,https://play.pokemonshowdown.com/sprites/gen5/alcremie-form10.png
=IMAGE(Q1215),867,ALCREMIE,11,Alcremie (Form 11),Form 11,Fairy,,65,60,75,110,121,64,495,alcremie-form11,https://play.pokemonshowdown.com/sprites/gen5/alcremie-form11.png
=IMAGE(Q1216),867,ALCREMIE,12,Alcremie (Form 12),Form 12,Fairy,,65,60,75,110,121,64,495,alcremie-form12,https://play.pokemonshowdown.com/sprites/gen5/alcremie-form12.png
=IMAGE(Q1217),867,ALCREMIE,13,Alcremie (Form 13),Form 13,Fairy,,65,60,75,110,121,64,495,alcremie-form13,https://play.pokemonshowdown.com/sprites/gen5/alcremie-form13.png
=IMAGE(Q1218),867,ALCREMIE,14,Alcremie (Matcha Cream),Matcha Cream,Fairy,,65,60,75,110,121,64,495,alcremie-matcha,https://play.pokemonshowdown.com/sprites/gen5/alcremie-matcha.png
=IMAGE(Q1219),867,ALCREMIE,15,Alcremie (Form 15),Form 15,Fairy,,65,60,75,110,121,64,495,alcremie-form15,https://play.pokemonshowdown.com/sprites/gen5/alcremie-form15.png
=IMAGE(Q1220),867,ALCREMIE,16,Alcremie (Form 16),Form 16,Fairy,,65,60,75,110,121,64,495,alcremie-form16,https://play.pokemonshowdown.com/sprites/gen5/alcremie-form16.png
=IMAGE(Q1221),867,ALCREMIE,17,Alcremie (Form 17),Form 17,Fairy,,65,60,75,110,121,64,495,alcremie-form17,https://play.pokemonshowdown.com/sprites/gen5/alcremie-form17.png
=IMAGE(Q1222),867,ALCREMIE,18,Alcremie (Form 18),Form 18,Fairy,,65,60,75,110,121,64,495,alcremie-form18,https://play.pokemonshowdown.com/sprites/gen5/alcremie-form18.png
=IMAGE(Q1223),867,ALCREMIE,19,Alcremie (Form 19),Form 19,Fairy,,65,60,75,110,121,64,495,alcremie-form19,https://play.pokemonshowdown.com/sprites/gen5/alcremie-form19.png
=IMAGE(Q1224),867,ALCREMIE,20,Alcremie (Form 20),Form 20,Fairy,,65,60,75,110,121,64,495,alcremie-form20,https://play.pokemonshowdown.com/sprites/gen5/alcremie-form20.png
=IMAGE(Q1225),867,ALCREMIE,21,Alcremie (Mint Cream),Mint Cream,Fairy,,65,60,75,110,121,64,495,alcremie-mint,https://play.pokemonshowdown.com/sprites/gen5/alcremie-mint.png
=IMAGE(Q1226),867,ALCREMIE,22,Alcremie (Form 22),Form 22,Fairy,,65,60,75,110,121,64,495,alcremie-form22,https://play.pokemonshowdown.com/sprites/gen5/alcremie-form22.png
=IMAGE(Q1227),867,ALCREMIE,23,Alcremie (Form 23),Form 23,Fairy,,65,60,75,110,121,64,495,alcremie-form23,https://play.pokemonshowdown.com/sprites/gen5/alcremie-form23.png
=IMAGE(Q1228),867,ALCREMIE,24,Alcremie (Form 24),Form 24,Fairy,,65,60,75,110,121,64,495,alcremie-form24,https://play.pokemonshowdown.com/sprites/gen5/alcremie-form24.png
=IMAGE(Q1229),867,ALCREMIE,25,Alcremie (Form 25),Form 25,Fairy,,65,60,75,110,121,64,495,alcremie-form25,https://play.pokemonshowdown.com/sprites/gen5/alcremie-form25.png
=IMAGE(Q1230),867,ALCREMIE,26,Alcremie (Form 26),Form 26,Fairy,,65,60,75,110,121,64,495,alcremie-form26,https://play.pokemonshowdown.com/sprites/gen5/alcremie-form26.png
=IMAGE(Q1231),867,ALCREMIE,27,Alcremie (Form 27),Form 27,Fairy,,65,60,75,110,121,64,495,alcremie-form27,https://play.pokemonshowdown.com/sprites/gen5/alcremie-form27.png
=IMAGE(Q1232),867,ALCREMIE,28,Alcremie (Lemon Cream),Lemon Cream,Fairy,,65,60,75,110,121,64,495,alcremie-lemon,https://play.pokemonshowdown.com/sprites/gen5/alcremie-lemon.png
=IMAGE(Q1233),867,ALCREMIE,29,Alcremie (Form 29),Form 29,Fairy,,65,60,75,110,121,64,495,alcremie-form29,https://play.pokemonshowdown.com/sprites/gen5/alcremie-form29.png
=IMAGE(Q1234),867,ALCREMIE,30,Alcremie (Form 30),Form 30,Fairy,,65,60,75,110,121,64,495,alcremie-form30,https://play.pokemonshowdown.com/sprites/gen5/alcremie-form30.png
=IMAGE(Q1235),867,ALCREMIE,31,Alcremie (Form 31),Form 31,Fairy,,65,60,75,110,121,64,495,alcremie-form31,https://play.pokemonshowdown.com/sprites/gen5/alcremie-form31.png
=IMAGE(Q1236),867,ALCREMIE,32,Alcremie (Form 32),Form 32,Fairy,,65,60,75,110,121,64,495,alcremie-form32,https://play.pokemonshowdown.com/sprites/gen5/alcremie-form32.png
=IMAGE(Q1237),867,ALCREMIE,33,Alcremie (Form 33),Form 33,Fairy,,65,60,75,110,121,64,495,alcremie-form33,https://play.pokemonshowdown.com/sprites/gen5/alcremie-form33.png
=IMAGE(Q1238),867,ALCREMIE,34,Alcremie (Form 34),Form 34,Fairy,,65,60,75,110,121,64,495,alcremie-form34,https://play.pokemonshowdown.com/sprites/gen5/alcremie-form34.png
=IMAGE(Q1239),867,ALCREMIE,35,Alcremie (Salted Cream),Salted Cream,Fairy,,65,60,75,110,121,64,495,alcremie-salted,https://play.pokemonshowdown.com/sprites/gen5/alcremie-salted.png
=IMAGE(Q1240),867,ALCREMIE,36,Alcremie (Form 36),Form 36,Fairy,,65,60,75,110,121,64,495,alcremie-form36,https://play.pokemonshowdown.com/sprites/gen5/alcremie-form36.png
=IMAGE(Q1241),867,ALCREMIE,37,Alcremie (Form 37),Form 37,Fairy,,65,60,75,110,121,64,495,alcremie-form37,https://play.pokemonshowdown.com/sprites/gen5/alcremie-form37.png
=IMAGE(Q1242),867,ALCREMIE,38,Alcremie (Form 38),Form 38,Fairy,,65,60,75,110,121,64,495,alcremie-form38,https://play.pokemonshowdown.com/sprites/gen5/alcremie-form38.png
=IMAGE(Q1243),867,ALCREMIE,39,Alcremie (Form 39),Form 39,Fairy,,65,60,75,110,121,64,495,alcremie-form39,https://play.pokemonshowdown.com/sprites/gen5/alcremie-form39.png
=IMAGE(Q1244),867,ALCREMIE,40,Alcremie (Form 40),Form 40,Fairy,,65,60,75,110,121,64,495,alcremie-form40,https://play.pokemonshowdown.com/sprites/gen5/alcremie-form40.png
=IMAGE(Q1245),867,ALCREMIE,41,Alcremie (Form 41),Form 41,Fairy,,65,60,75,110,121,64,495,alcremie-form41,https://play.pokemonshowdown.com/sprites/gen5/alcremie-form41.png
=IMAGE(Q1246),867,ALCREMIE,42,Alcremie (Ruby Swirl),Ruby Swirl,Fairy,,65,60,75,110,121,64,495,alcremie-ruby,https://play.pokemonshowdown.com/sprites/gen5/alcremie-ruby.png
=IMAGE(Q1247),867,ALCREMIE,43,Alcremie (Form 43),Form 43,Fairy,,65,60,75,110,121,64,495,alcremie-form43,https://play.pokemonshowdown.com/sprites/gen5/alcremie-form43.png
=IMAGE(Q1248),867,ALCREMIE,44,Alcremie (Form 44),Form 44,Fairy,,65,60,75,110,121,64,495,alcremie-form44,https://play.pokemonshowdown.com/sprites/gen5/alcremie-form44.png
=IMAGE(Q1249),867,ALCREMIE,45,Alcremie (Form 45),Form 45,Fairy,,65,60,75,110,121,64,495,alcremie-form45,https://play.pokemonshowdown.com/sprites/gen5/alcremie-form45.png
=IMAGE(Q1250),867,ALCREMIE,46,Alcremie (Form 46),Form 46,Fairy,,65,60,75,110,121,64,495,alcremie-form46,https://play.pokemonshowdown.com/sprites/gen5/alcremie-form46.png
=IMAGE(Q1251),867,ALCREMIE,47,Alcremie (Form 47),Form 47,Fairy,,65,60,75,110,121,64,495,alcremie-form47,https://play.pokemonshowdown.com/sprites/gen5/alcremie-form47.png
=IMAGE(Q1252),867,ALCREMIE,48,Alcremie (Form 48),Form 48,Fairy,,65,60,75,110,121,64,495,alcremie-form48,https://play.pokemonshowdown.com/sprites/gen5/alcremie-form48.png
=IMAGE(Q1253),867,ALCREMIE,49,Alcremie (Caramel Swirl),Caramel Swirl,Fairy,,65,60,75,110,121,64,495,alcremie-caramel,https://play.pokemonshowdown.com/sprites/gen5/alcremie-caramel.png
=IMAGE(Q1254),867,ALCREMIE,50,Alcremie (Form 50),Form 50,Fairy,,65,60,75,110,121,64,495,alcremie-form50,https://play.pokemonshowdown.com/sprites/gen5/alcremie-form50.png
=IMAGE(Q1255),867,ALCREMIE,51,Alcremie (Form 51),Form 51,Fairy,,65,60,75,110,121,64,495,alcremie-form51,https://play.pokemonshowdown.com/sprites/gen5/alcremie-form51.png
=IMAGE(Q1256),867,ALCREMIE,52,Alcremie (Form 52),Form 52,Fairy,,65,60,75,110,121,64,495,alcremie-form52,https://play.pokemonshowdown.com/sprites/gen5/alcremie-form52.png
=IMAGE(Q1257),867,ALCREMIE,53,Alcremie (Form 53),Form 53,Fairy,,65,60,75,110,121,64,495,alcremie-form53,https://play.pokemonshowdown.com/sprites/gen5/alcremie-form53.png
=IMAGE(Q1258),867,ALCREMIE,54,Alcremie (Form 54),Form 54,Fairy,,65,60,75,110,121,64,495,alcremie-form54,https://play.pokemonshowdown.com/sprites/gen5/alcremie-form54.png
=IMAGE(Q1259),867,ALCREMIE,55,Alcremie (Form 55),Form 55,Fairy,,65,60,75,110,121,64,495,alcremie-form55,https://play.pokemonshowdown.com/sprites/gen5/alcremie-form55.png
=IMAGE(Q1260),867,ALCREMIE,56,Alcremie (Rainbow Swirl),Rainbow Swirl,Fairy,,65,60,75,110,121,64,495,alcremie-rainbow,https://play.pokemonshowdown.com/sprites/gen5/alcremie-rainbow.png
=IMAGE(Q1261),867,ALCREMIE,57,Alcremie (Form 57),Form 57,Fairy,,65,60,75,110,121,64,495,alcremie-form57,https://play.pokemonshowdown.com/sprites/gen5/alcremie-form57.png
=IMAGE(Q1262),867,ALCREMIE,58,Alcremie (Form 58),Form 58,Fairy,,65,60,75,110,121,64,495,alcremie-form58,https://play.pokemonshowdown.com/sprites/gen5/alcremie-form58.png
=IMAGE(Q1263),867,ALCREMIE,59,Alcremie (Form 59),Form 59,Fairy,,65,60,75,110,121,64,495,alcremie-form59,https://play.pokemonshowdown.com/sprites/gen5/alcremie-form59.png
=IMAGE(Q1264),867,ALCREMIE,60,Alcremie (Form 60),Form 60,Fairy,,65,60,75,110,121,64,495,alcremie-form60,https://play.pokemonshowdown.com/sprites/gen5/alcremie-form60.png
=IMAGE(Q1265),867,ALCREMIE,61,Alcremie (Form 61),Form 61,Fairy,,65,60,75,110,121,64,495,alcremie-form61,https://play.pokemonshowdown.com/sprites/gen5/alcremie-form61.png
=IMAGE(Q1266),867,ALCREMIE,62,Alcremie (Form 62),Form 62,Fairy,,65,60,75,110,121,64,495,alcremie-form62,https://play.pokemonshowdown.com/sprites/gen5/alcremie-form62.png
=IMAGE(Q1267),868,FALINKS,0,Falinks,-,Fighting,,65,100,100,70,60,75,470,falinks,https://play.pokemonshowdown.com/sprites/gen5/falinks.png
=IMAGE(Q1268),868,FALINKS,1,Falinks (Mega Falinks),Mega Falinks,Fighting,,65,135,135,70,65,100,570,falinks-mega,https://play.pokemonshowdown.com/sprites/gen5/falinks-mega.png
=IMAGE(Q1269),869,PINCURCHIN,0,Pincurchin,-,Electric,,48,101,95,91,85,15,435,pincurchin,https://play.pokemonshowdown.com/sprites/gen5/pincurchin.png
=IMAGE(Q1270),870,SNOM,0,Snom,-,Ice,Bug,30,25,35,45,30,20,185,snom,https://play.pokemonshowdown.com/sprites/gen5/snom.png
=IMAGE(Q1271),871,FROSMOTH,0,Frosmoth,-,Ice,Bug,70,65,60,125,90,65,475,frosmoth,https://play.pokemonshowdown.com/sprites/gen5/frosmoth.png
=IMAGE(Q1272),872,STONJOURNER,0,Stonjourner,-,Rock,,100,125,135,20,20,70,470,stonjourner,https://play.pokemonshowdown.com/sprites/gen5/stonjourner.png
=IMAGE(Q1273),873,EISCUE,0,Eiscue (Ice Face),-,Ice,,75,80,110,65,90,50,470,eiscue,https://play.pokemonshowdown.com/sprites/gen5/eiscue.png
=IMAGE(Q1274),873,EISCUE,1,Eiscue (Noice Face),Noice Face,Ice,,75,80,70,65,50,130,470,eiscue-noice,https://play.pokemonshowdown.com/sprites/gen5/eiscue-noice.png
=IMAGE(Q1275),874,INDEEDEE,0,Indeedee (Male),-,Psychic,Normal,60,65,55,105,95,95,475,indeedee,https://play.pokemonshowdown.com/sprites/gen5/indeedee.png
=IMAGE(Q1276),874,INDEEDEE,1,Indeedee (Female),Female,Psychic,Normal,70,55,65,95,105,85,475,indeedee-f,https://play.pokemonshowdown.com/sprites/gen5/indeedee-f.png
=IMAGE(Q1277),875,MORPEKO,0,Morpeko (Full Belly Mode),-,Electric,Dark,58,95,58,70,58,97,436,morpeko,https://play.pokemonshowdown.com/sprites/gen5/morpeko.png
=IMAGE(Q1278),875,MORPEKO,1,Morpeko (Hangry Mode),Hangry Mode,Electric,Dark,58,95,58,70,58,97,436,morpeko-hangry,https://play.pokemonshowdown.com/sprites/gen5/morpeko-hangry.png
=IMAGE(Q1279),876,CUFANT,0,Cufant,-,Steel,,72,80,49,40,49,40,330,cufant,https://play.pokemonshowdown.com/sprites/gen5/cufant.png
=IMAGE(Q1280),877,COPPERAJAH,0,Copperajah,-,Steel,,122,130,69,80,69,30,500,copperajah,https://play.pokemonshowdown.com/sprites/gen5/copperajah.png
=IMAGE(Q1281),878,DRACOZOLT,0,Dracozolt,-,Electric,Dragon,90,100,90,80,70,75,505,dracozolt,https://play.pokemonshowdown.com/sprites/gen5/dracozolt.png
=IMAGE(Q1282),879,ARCTOZOLT,0,Arctozolt,-,Electric,Ice,90,100,90,90,80,55,505,arctozolt,https://play.pokemonshowdown.com/sprites/gen5/arctozolt.png
=IMAGE(Q1283),880,DRACOVISH,0,Dracovish,-,Water,Dragon,90,90,100,70,80,75,505,dracovish,https://play.pokemonshowdown.com/sprites/gen5/dracovish.png
=IMAGE(Q1284),881,ARCTOVISH,0,Arctovish,-,Water,Ice,90,90,100,80,90,55,505,arctovish,https://play.pokemonshowdown.com/sprites/gen5/arctovish.png
=IMAGE(Q1285),882,DURALUDON,0,Duraludon,-,Steel,Dragon,70,95,115,120,50,85,535,duraludon,https://play.pokemonshowdown.com/sprites/gen5/duraludon.png
=IMAGE(Q1286),883,DREEPY,0,Dreepy,-,Dragon,Ghost,28,60,30,40,30,82,270,dreepy,https://play.pokemonshowdown.com/sprites/gen5/dreepy.png
=IMAGE(Q1287),884,DRAKLOAK,0,Drakloak,-,Dragon,Ghost,68,80,50,60,50,102,410,drakloak,https://play.pokemonshowdown.com/sprites/gen5/drakloak.png
=IMAGE(Q1288),885,DRAGAPULT,0,Dragapult,-,Dragon,Ghost,88,120,75,100,75,142,600,dragapult,https://play.pokemonshowdown.com/sprites/gen5/dragapult.png
=IMAGE(Q1289),886,ZACIAN,0,Zacian (Hero of Many Battles),-,Fairy,,92,130,115,80,115,138,670,zacian,https://play.pokemonshowdown.com/sprites/gen5/zacian.png
=IMAGE(Q1290),886,ZACIAN,1,Zacian (Crowned Sword),Crowned Sword,Fairy,Steel,92,170,115,80,115,148,720,zacian-crowned,https://play.pokemonshowdown.com/sprites/gen5/zacian-crowned.png
=IMAGE(Q1291),887,ZAMAZENTA,0,Zamazenta (Hero of Many Battles),-,Fighting,,92,130,115,80,115,138,670,zamazenta,https://play.pokemonshowdown.com/sprites/gen5/zamazenta.png
=IMAGE(Q1292),887,ZAMAZENTA,1,Zamazenta (Crowned Shield),Crowned Shield,Fighting,Steel,92,130,145,80,145,128,720,zamazenta-crowned,https://play.pokemonshowdown.com/sprites/gen5/zamazenta-crowned.png
=IMAGE(Q1293),888,ETERNATUS,0,Eternatus,-,Poison,Dragon,140,85,95,145,95,130,690,eternatus,https://play.pokemonshowdown.com/sprites/gen5/eternatus.png
=IMAGE(Q1294),889,KUBFU,0,Kubfu,-,Fighting,,60,90,60,53,50,72,385,kubfu,https://play.pokemonshowdown.com/sprites/gen5/kubfu.png
=IMAGE(Q1295),890,URSHIFU,0,Urshifu (Single Strike Style),-,Fighting,Dark,100,130,100,63,60,97,550,urshifu,https://play.pokemonshowdown.com/sprites/gen5/urshifu.png
=IMAGE(Q1296),890,URSHIFU,1,Urshifu (Rapid Strike Style),Rapid Strike Style,Fighting,Water,100,130,100,63,60,97,550,urshifu-rapidstrike,https://play.pokemonshowdown.com/sprites/gen5/urshifu-rapidstrike.png
=IMAGE(Q1297),891,ZARUDE,0,Zarude,-,Dark,Grass,105,120,105,70,95,105,600,zarude,https://play.pokemonshowdown.com/sprites/gen5/zarude.png
=IMAGE(Q1298),892,REGIELEKI,0,Regieleki,-,Electric,,80,100,50,100,50,200,580,regieleki,https://play.pokemonshowdown.com/sprites/gen5/regieleki.png
=IMAGE(Q1299),893,REGIDRAGO,0,Regidrago,-,Dragon,,200,100,50,100,50,80,580,regidrago,https://play.pokemonshowdown.com/sprites/gen5/regidrago.png
=IMAGE(Q1300),894,GLASTRIER,0,Glastrier,-,Ice,,100,145,130,65,110,30,580,glastrier,https://play.pokemonshowdown.com/sprites/gen5/glastrier.png
=IMAGE(Q1301),895,SPECTRIER,0,Spectrier,-,Ghost,,100,65,60,145,80,130,580,spectrier,https://play.pokemonshowdown.com/sprites/gen5/spectrier.png
=IMAGE(Q1302),896,CALYREX,0,Calyrex,-,Psychic,Grass,100,80,80,80,80,80,500,calyrex,https://play.pokemonshowdown.com/sprites/gen5/calyrex.png
=IMAGE(Q1303),896,CALYREX,1,Calyrex (Ice Rider),Ice Rider,Psychic,Ice,100,165,150,85,130,50,680,calyrex-icerider,https://play.pokemonshowdown.com/sprites/gen5/calyrex-icerider.png
=IMAGE(Q1304),896,CALYREX,2,Calyrex (Shadow Rider),Shadow Rider,Psychic,Ghost,100,85,80,165,100,150,680,calyrex-shadowrider,https://play.pokemonshowdown.com/sprites/gen5/calyrex-shadowrider.png
=IMAGE(Q1305),897,WYRDEER,0,Wyrdeer,-,Normal,Psychic,103,105,72,105,75,65,525,wyrdeer,https://play.pokemonshowdown.com/sprites/gen5/wyrdeer.png
=IMAGE(Q1306),898,KLEAVOR,0,Kleavor,-,Bug,Rock,70,135,95,45,70,85,500,kleavor,https://play.pokemonshowdown.com/sprites/gen5/kleavor.png
=IMAGE(Q1307),899,URSALUNA,0,Ursaluna,-,Ground,Normal,130,140,105,45,80,50,550,ursaluna,https://play.pokemonshowdown.com/sprites/gen5/ursaluna.png
=IMAGE(Q1308),899,URSALUNA,1,Ursaluna (Bloodmoon Ursaluna),Bloodmoon Ursaluna,Ground,Normal,113,70,120,135,65,52,555,ursaluna-bloodmoon,https://play.pokemonshowdown.com/sprites/gen5/ursaluna-bloodmoon.png
=IMAGE(Q1309),900,BASCULEGION,0,Basculegion (Male),-,Water,Ghost,120,112,65,80,75,78,530,basculegion,https://play.pokemonshowdown.com/sprites/gen5/basculegion.png
=IMAGE(Q1310),900,BASCULEGION,3,Basculegion (Female),Female,Water,Ghost,120,92,65,100,75,78,530,basculegion-f,https://play.pokemonshowdown.com/sprites/gen5/basculegion-f.png
=IMAGE(Q1311),901,SNEASLER,0,Sneasler,-,Fighting,Poison,80,130,60,40,80,120,510,sneasler,https://play.pokemonshowdown.com/sprites/gen5/sneasler.png
=IMAGE(Q1312),902,OVERQWIL,0,Overqwil,-,Dark,Poison,85,115,95,65,65,85,510,overqwil,https://play.pokemonshowdown.com/sprites/gen5/overqwil.png
=IMAGE(Q1313),903,ENAMORUS,0,Enamorus (Incarnate Forme),-,Fairy,Flying,74,115,70,135,80,106,580,enamorus,https://play.pokemonshowdown.com/sprites/gen5/enamorus.png
=IMAGE(Q1314),903,ENAMORUS,1,Enamorus (Therian Form),Therian Form,Fairy,Flying,74,115,110,135,100,46,580,enamorus-therian,https://play.pokemonshowdown.com/sprites/gen5/enamorus-therian.png
=IMAGE(Q1315),904,SPRIGATITO,0,Sprigatito,-,Grass,,40,61,54,45,45,65,310,sprigatito,https://play.pokemonshowdown.com/sprites/gen5/sprigatito.png
=IMAGE(Q1316),905,FLORAGATO,0,Floragato,-,Grass,,61,80,63,60,63,83,410,floragato,https://play.pokemonshowdown.com/sprites/gen5/floragato.png
=IMAGE(Q1317),906,MEOWSCARADA,0,Meowscarada,-,Grass,Dark,76,110,70,81,70,123,530,meowscarada,https://play.pokemonshowdown.com/sprites/gen5/meowscarada.png
=IMAGE(Q1318),907,FUECOCO,0,Fuecoco,-,Fire,,67,45,59,63,40,36,310,fuecoco,https://play.pokemonshowdown.com/sprites/gen5/fuecoco.png
=IMAGE(Q1319),908,CROCALOR,0,Crocalor,-,Fire,,81,55,78,90,58,49,411,crocalor,https://play.pokemonshowdown.com/sprites/gen5/crocalor.png
=IMAGE(Q1320),909,SKELEDIRGE,0,Skeledirge,-,Fire,Ghost,104,75,100,110,75,66,530,skeledirge,https://play.pokemonshowdown.com/sprites/gen5/skeledirge.png
=IMAGE(Q1321),910,QUAXLY,0,Quaxly,-,Water,,55,65,45,50,45,50,310,quaxly,https://play.pokemonshowdown.com/sprites/gen5/quaxly.png
=IMAGE(Q1322),911,QUAXWELL,0,Quaxwell,-,Water,,70,85,65,65,60,65,410,quaxwell,https://play.pokemonshowdown.com/sprites/gen5/quaxwell.png
=IMAGE(Q1323),912,QUAQUAVAL,0,Quaquaval,-,Water,Fighting,85,120,80,85,75,85,530,quaquaval,https://play.pokemonshowdown.com/sprites/gen5/quaquaval.png
=IMAGE(Q1324),913,LECHONK,0,Lechonk,-,Normal,,54,45,40,35,45,35,254,lechonk,https://play.pokemonshowdown.com/sprites/gen5/lechonk.png
=IMAGE(Q1325),914,OINKOLOGNE,0,Oinkologne (Male),-,Normal,,110,100,75,59,80,65,489,oinkologne,https://play.pokemonshowdown.com/sprites/gen5/oinkologne.png
=IMAGE(Q1326),914,OINKOLOGNE,1,Oinkologne (Female),Female,Normal,,115,90,70,59,90,65,489,oinkologne-f,https://play.pokemonshowdown.com/sprites/gen5/oinkologne-f.png
=IMAGE(Q1327),915,TAROUNTULA,0,Tarountula,-,Bug,,35,41,45,29,40,20,210,tarountula,https://play.pokemonshowdown.com/sprites/gen5/tarountula.png
=IMAGE(Q1328),916,SPIDOPS,0,Spidops,-,Bug,,60,79,92,52,86,35,404,spidops,https://play.pokemonshowdown.com/sprites/gen5/spidops.png
=IMAGE(Q1329),917,NYMBLE,0,Nymble,-,Bug,,33,46,40,21,25,45,210,nymble,https://play.pokemonshowdown.com/sprites/gen5/nymble.png
=IMAGE(Q1330),918,LOKIX,0,Lokix,-,Bug,Dark,71,102,78,52,55,92,450,lokix,https://play.pokemonshowdown.com/sprites/gen5/lokix.png
=IMAGE(Q1331),919,PAWMI,0,Pawmi,-,Electric,,45,50,20,40,25,60,240,pawmi,https://play.pokemonshowdown.com/sprites/gen5/pawmi.png
=IMAGE(Q1332),920,PAWMO,0,Pawmo,-,Electric,Fighting,60,75,40,50,40,85,350,pawmo,https://play.pokemonshowdown.com/sprites/gen5/pawmo.png
=IMAGE(Q1333),921,PAWMOT,0,Pawmot,-,Electric,Fighting,70,115,70,70,60,105,490,pawmot,https://play.pokemonshowdown.com/sprites/gen5/pawmot.png
=IMAGE(Q1334),922,TANDEMAUS,0,Tandemaus,-,Normal,,50,50,45,40,45,75,305,tandemaus,https://play.pokemonshowdown.com/sprites/gen5/tandemaus.png
=IMAGE(Q1335),923,MAUSHOLD,0,Maushold (Family of Four),-,Normal,,74,75,70,65,75,111,470,maushold,https://play.pokemonshowdown.com/sprites/gen5/maushold.png
=IMAGE(Q1336),923,MAUSHOLD,1,Maushold (Family of Three),Family of Three,Normal,,74,75,70,65,75,111,470,maushold-three,https://play.pokemonshowdown.com/sprites/gen5/maushold-three.png
=IMAGE(Q1337),924,FIDOUGH,0,Fidough,-,Fairy,,37,55,70,30,55,65,312,fidough,https://play.pokemonshowdown.com/sprites/gen5/fidough.png
=IMAGE(Q1338),925,DACHSBUN,0,Dachsbun,-,Fairy,,57,80,115,50,80,95,477,dachsbun,https://play.pokemonshowdown.com/sprites/gen5/dachsbun.png
=IMAGE(Q1339),926,SMOLIV,0,Smoliv,-,Grass,Normal,41,35,45,58,51,30,260,smoliv,https://play.pokemonshowdown.com/sprites/gen5/smoliv.png
=IMAGE(Q1340),927,DOLLIV,0,Dolliv,-,Grass,Normal,52,53,60,78,78,33,354,dolliv,https://play.pokemonshowdown.com/sprites/gen5/dolliv.png
=IMAGE(Q1341),928,ARBOLIVA,0,Arboliva,-,Grass,Normal,78,69,90,125,109,39,510,arboliva,https://play.pokemonshowdown.com/sprites/gen5/arboliva.png
=IMAGE(Q1342),929,SQUAWKABILLY,0,Squawkabilly (Green Plumage),-,Normal,Flying,82,96,51,45,51,92,417,squawkabilly,https://play.pokemonshowdown.com/sprites/gen5/squawkabilly.png
=IMAGE(Q1343),929,SQUAWKABILLY,1,Squawkabilly (Blue Plumage),Blue Plumage,Normal,Flying,82,96,51,45,51,92,417,squawkabilly-blue,https://play.pokemonshowdown.com/sprites/gen5/squawkabilly-blue.png
=IMAGE(Q1344),929,SQUAWKABILLY,2,Squawkabilly (Yellow Plumage),Yellow Plumage,Normal,Flying,82,96,51,45,51,92,417,squawkabilly-yellow,https://play.pokemonshowdown.com/sprites/gen5/squawkabilly-yellow.png
=IMAGE(Q1345),929,SQUAWKABILLY,3,Squawkabilly (White Plumage),White Plumage,Normal,Flying,82,96,51,45,51,92,417,squawkabilly-white,https://play.pokemonshowdown.com/sprites/gen5/squawkabilly-white.png
=IMAGE(Q1346),930,NACLI,0,Nacli,-,Rock,,55,55,75,35,35,25,280,nacli,https://play.pokemonshowdown.com/sprites/gen5/nacli.png
=IMAGE(Q1347),931,NACLSTACK,0,Naclstack,-,Rock,,60,60,100,35,65,35,355,naclstack,https://play.pokemonshowdown.com/sprites/gen5/naclstack.png
=IMAGE(Q1348),932,GARGANACL,0,Garganacl,-,Rock,,100,100,130,45,90,35,500,garganacl,https://play.pokemonshowdown.com/sprites/gen5/garganacl.png
=IMAGE(Q1349),933,CHARCADET,0,Charcadet,-,Fire,,40,50,40,50,40,35,255,charcadet,https://play.pokemonshowdown.com/sprites/gen5/charcadet.png
=IMAGE(Q1350),934,ARMAROUGE,0,Armarouge,-,Fire,Psychic,85,60,100,125,80,75,525,armarouge,https://play.pokemonshowdown.com/sprites/gen5/armarouge.png
=IMAGE(Q1351),935,CERULEDGE,0,Ceruledge,-,Fire,Ghost,75,125,80,60,100,85,525,ceruledge,https://play.pokemonshowdown.com/sprites/gen5/ceruledge.png
=IMAGE(Q1352),936,TADBULB,0,Tadbulb,-,Electric,,61,31,41,59,35,45,272,tadbulb,https://play.pokemonshowdown.com/sprites/gen5/tadbulb.png
=IMAGE(Q1353),937,BELLIBOLT,0,Bellibolt,-,Electric,,109,64,91,103,83,45,495,bellibolt,https://play.pokemonshowdown.com/sprites/gen5/bellibolt.png
=IMAGE(Q1354),938,WATTREL,0,Wattrel,-,Electric,Flying,40,40,35,55,40,70,280,wattrel,https://play.pokemonshowdown.com/sprites/gen5/wattrel.png
=IMAGE(Q1355),939,KILOWATTREL,0,Kilowattrel,-,Electric,Flying,70,70,60,105,60,125,490,kilowattrel,https://play.pokemonshowdown.com/sprites/gen5/kilowattrel.png
=IMAGE(Q1356),940,MASCHIFF,0,Maschiff,-,Dark,,60,78,60,40,51,51,340,maschiff,https://play.pokemonshowdown.com/sprites/gen5/maschiff.png
=IMAGE(Q1357),941,MABOSSTIFF,0,Mabosstiff,-,Dark,,80,120,90,60,70,85,505,mabosstiff,https://play.pokemonshowdown.com/sprites/gen5/mabosstiff.png
=IMAGE(Q1358),942,SHROODLE,0,Shroodle,-,Poison,Normal,40,65,35,40,35,75,290,shroodle,https://play.pokemonshowdown.com/sprites/gen5/shroodle.png
=IMAGE(Q1359),943,GRAFAIAI,0,Grafaiai,-,Poison,Normal,63,95,65,80,72,110,485,grafaiai,https://play.pokemonshowdown.com/sprites/gen5/grafaiai.png
=IMAGE(Q1360),944,BRAMBLIN,0,Bramblin,-,Grass,Ghost,40,65,30,45,35,60,275,bramblin,https://play.pokemonshowdown.com/sprites/gen5/bramblin.png
=IMAGE(Q1361),945,BRAMBLEGHAST,0,Brambleghast,-,Grass,Ghost,55,115,70,80,70,90,480,brambleghast,https://play.pokemonshowdown.com/sprites/gen5/brambleghast.png
=IMAGE(Q1362),946,TOEDSCOOL,0,Toedscool,-,Ground,Grass,40,40,35,50,100,70,335,toedscool,https://play.pokemonshowdown.com/sprites/gen5/toedscool.png
=IMAGE(Q1363),947,TOEDSCRUEL,0,Toedscruel,-,Ground,Grass,80,70,65,80,120,100,515,toedscruel,https://play.pokemonshowdown.com/sprites/gen5/toedscruel.png
=IMAGE(Q1364),948,KLAWF,0,Klawf,-,Rock,,70,100,115,35,55,75,450,klawf,https://play.pokemonshowdown.com/sprites/gen5/klawf.png
=IMAGE(Q1365),949,CAPSAKID,0,Capsakid,-,Grass,,50,62,40,62,40,50,304,capsakid,https://play.pokemonshowdown.com/sprites/gen5/capsakid.png
=IMAGE(Q1366),950,SCOVILLAIN,0,Scovillain,-,Grass,Fire,65,108,65,108,65,75,486,scovillain,https://play.pokemonshowdown.com/sprites/gen5/scovillain.png
=IMAGE(Q1367),950,SCOVILLAIN,1,Scovillain (Mega Scovillain),Mega Scovillain,Grass,Fire,65,138,85,138,85,75,586,scovillain-mega,https://play.pokemonshowdown.com/sprites/gen5/scovillain-mega.png
=IMAGE(Q1368),951,RELLOR,0,Rellor,-,Bug,,41,50,60,31,58,30,270,rellor,https://play.pokemonshowdown.com/sprites/gen5/rellor.png
=IMAGE(Q1369),952,RABSCA,0,Rabsca,-,Bug,Psychic,75,50,85,115,100,45,470,rabsca,https://play.pokemonshowdown.com/sprites/gen5/rabsca.png
=IMAGE(Q1370),953,FLITTLE,0,Flittle,-,Psychic,,30,35,30,55,30,75,255,flittle,https://play.pokemonshowdown.com/sprites/gen5/flittle.png
=IMAGE(Q1371),954,ESPATHRA,0,Espathra,-,Psychic,,95,60,60,101,60,105,481,espathra,https://play.pokemonshowdown.com/sprites/gen5/espathra.png
=IMAGE(Q1372),955,TINKATINK,0,Tinkatink,-,Fairy,Steel,50,45,45,35,64,58,297,tinkatink,https://play.pokemonshowdown.com/sprites/gen5/tinkatink.png
=IMAGE(Q1373),956,TINKATUFF,0,Tinkatuff,-,Fairy,Steel,65,55,55,45,82,78,380,tinkatuff,https://play.pokemonshowdown.com/sprites/gen5/tinkatuff.png
=IMAGE(Q1374),957,TINKATON,0,Tinkaton,-,Fairy,Steel,85,75,77,70,105,94,506,tinkaton,https://play.pokemonshowdown.com/sprites/gen5/tinkaton.png
=IMAGE(Q1375),958,WIGLETT,0,Wiglett,-,Water,,10,55,25,35,25,95,245,wiglett,https://play.pokemonshowdown.com/sprites/gen5/wiglett.png
=IMAGE(Q1376),959,WUGTRIO,0,Wugtrio,-,Water,,35,100,50,50,70,120,425,wugtrio,https://play.pokemonshowdown.com/sprites/gen5/wugtrio.png
=IMAGE(Q1377),960,BOMBIRDIER,0,Bombirdier,-,Flying,Dark,70,103,85,60,85,82,485,bombirdier,https://play.pokemonshowdown.com/sprites/gen5/bombirdier.png
=IMAGE(Q1378),961,FINIZEN,0,Finizen,-,Water,,70,45,40,45,40,75,315,finizen,https://play.pokemonshowdown.com/sprites/gen5/finizen.png
=IMAGE(Q1379),962,PALAFIN,0,Palafin (Zero Form),-,Water,,100,70,72,53,62,100,457,palafin,https://play.pokemonshowdown.com/sprites/gen5/palafin.png
=IMAGE(Q1380),962,PALAFIN,1,Palafin (Hero Form),Hero Form,Water,,100,160,97,106,87,100,650,palafin-hero,https://play.pokemonshowdown.com/sprites/gen5/palafin-hero.png
=IMAGE(Q1381),963,VAROOM,0,Varoom,-,Steel,Poison,45,70,63,30,45,47,300,varoom,https://play.pokemonshowdown.com/sprites/gen5/varoom.png
=IMAGE(Q1382),964,REVAVROOM,0,Revavroom,-,Steel,Poison,80,119,90,54,67,90,500,revavroom,https://play.pokemonshowdown.com/sprites/gen5/revavroom.png
=IMAGE(Q1383),964,REVAVROOM,1,Revavroom (Form 1),Form 1,Fire,,80,119,90,54,67,90,500,revavroom-form1,https://play.pokemonshowdown.com/sprites/gen5/revavroom-form1.png
=IMAGE(Q1384),964,REVAVROOM,2,Revavroom (Form 2),Form 2,Fairy,,80,119,90,54,67,90,500,revavroom-form2,https://play.pokemonshowdown.com/sprites/gen5/revavroom-form2.png
=IMAGE(Q1385),964,REVAVROOM,3,Revavroom (Form 3),Form 3,Fighting,,80,119,90,54,67,90,500,revavroom-form3,https://play.pokemonshowdown.com/sprites/gen5/revavroom-form3.png
=IMAGE(Q1386),964,REVAVROOM,4,Revavroom (Form 4),Form 4,Poison,,80,119,90,54,67,90,500,revavroom-form4,https://play.pokemonshowdown.com/sprites/gen5/revavroom-form4.png
=IMAGE(Q1387),964,REVAVROOM,5,Revavroom (Form 5),Form 5,Dark,,80,119,90,54,67,90,500,revavroom-form5,https://play.pokemonshowdown.com/sprites/gen5/revavroom-form5.png
=IMAGE(Q1388),965,CYCLIZAR,0,Cyclizar,-,Dragon,Normal,70,95,65,85,65,121,501,cyclizar,https://play.pokemonshowdown.com/sprites/gen5/cyclizar.png
=IMAGE(Q1389),966,ORTHWORM,0,Orthworm,-,Steel,,70,85,145,60,55,65,480,orthworm,https://play.pokemonshowdown.com/sprites/gen5/orthworm.png
=IMAGE(Q1390),967,GLIMMET,0,Glimmet,-,Rock,Poison,48,35,42,105,60,60,350,glimmet,https://play.pokemonshowdown.com/sprites/gen5/glimmet.png
=IMAGE(Q1391),968,GLIMMORA,0,Glimmora,-,Rock,Poison,83,55,90,130,81,86,525,glimmora,https://play.pokemonshowdown.com/sprites/gen5/glimmora.png
=IMAGE(Q1392),968,GLIMMORA,1,Glimmora (Mega Glimmora),Mega Glimmora,Rock,Poison,83,90,105,150,96,101,625,glimmora-mega,https://play.pokemonshowdown.com/sprites/gen5/glimmora-mega.png
=IMAGE(Q1393),969,GREAVARD,0,Greavard,-,Ghost,,50,61,60,30,55,34,290,greavard,https://play.pokemonshowdown.com/sprites/gen5/greavard.png
=IMAGE(Q1394),970,HOUNDSTONE,0,Houndstone,-,Ghost,,72,101,100,50,97,68,488,houndstone,https://play.pokemonshowdown.com/sprites/gen5/houndstone.png
=IMAGE(Q1395),971,FLAMIGO,0,Flamigo,-,Flying,Fighting,82,115,74,75,64,90,500,flamigo,https://play.pokemonshowdown.com/sprites/gen5/flamigo.png
=IMAGE(Q1396),972,CETODDLE,0,Cetoddle,-,Ice,,108,68,45,30,40,43,334,cetoddle,https://play.pokemonshowdown.com/sprites/gen5/cetoddle.png
=IMAGE(Q1397),973,CETITAN,0,Cetitan,-,Ice,,170,113,65,45,55,73,521,cetitan,https://play.pokemonshowdown.com/sprites/gen5/cetitan.png
=IMAGE(Q1398),974,VELUZA,0,Veluza,-,Water,Psychic,90,102,73,78,65,70,478,veluza,https://play.pokemonshowdown.com/sprites/gen5/veluza.png
=IMAGE(Q1399),975,DONDOZO,0,Dondozo,-,Water,,150,100,115,65,65,35,530,dondozo,https://play.pokemonshowdown.com/sprites/gen5/dondozo.png
=IMAGE(Q1400),976,TATSUGIRI,0,Tatsugiri (Curly Form),-,Dragon,Water,68,50,60,120,95,82,475,tatsugiri,https://play.pokemonshowdown.com/sprites/gen5/tatsugiri.png
=IMAGE(Q1401),976,TATSUGIRI,1,Tatsugiri (Droopy Form),Droopy Form,Dragon,Water,68,50,60,120,95,82,475,tatsugiri-droopy,https://play.pokemonshowdown.com/sprites/gen5/tatsugiri-droopy.png
=IMAGE(Q1402),976,TATSUGIRI,2,Tatsugiri (Stretchy Form),Stretchy Form,Dragon,Water,68,50,60,120,95,82,475,tatsugiri-stretchy,https://play.pokemonshowdown.com/sprites/gen5/tatsugiri-stretchy.png
=IMAGE(Q1403),976,TATSUGIRI,3,Tatsugiri (Mega Tatsugiri (Curly Form)),Mega Tatsugiri (Curly Form),Dragon,Water,68,65,90,135,125,92,575,tatsugiri-mega,https://play.pokemonshowdown.com/sprites/gen5/tatsugiri-mega.png
=IMAGE(Q1404),976,TATSUGIRI,4,Tatsugiri (Mega Tatsugiri (Droopy Form)),Mega Tatsugiri (Droopy Form),Dragon,Water,68,65,90,135,125,92,575,tatsugiri-mega,https://play.pokemonshowdown.com/sprites/gen5/tatsugiri-mega.png
=IMAGE(Q1405),976,TATSUGIRI,5,Tatsugiri (Mega Tatsugiri (Stretchy Form)),Mega Tatsugiri (Stretchy Form),Dragon,Water,68,65,90,135,125,92,575,tatsugiri-mega,https://play.pokemonshowdown.com/sprites/gen5/tatsugiri-mega.png
=IMAGE(Q1406),977,ANNIHILAPE,0,Annihilape,-,Fighting,Ghost,110,115,80,50,90,90,535,annihilape,https://play.pokemonshowdown.com/sprites/gen5/annihilape.png
=IMAGE(Q1407),978,CLODSIRE,0,Clodsire,-,Poison,Ground,130,75,60,45,100,20,430,clodsire,https://play.pokemonshowdown.com/sprites/gen5/clodsire.png
=IMAGE(Q1408),979,FARIGIRAF,0,Farigiraf,-,Normal,Psychic,120,90,70,110,70,60,520,farigiraf,https://play.pokemonshowdown.com/sprites/gen5/farigiraf.png
=IMAGE(Q1409),980,DUDUNSPARCE,0,Dudunsparce (Two-Segment Form),-,Normal,,125,100,80,85,75,55,520,dudunsparce,https://play.pokemonshowdown.com/sprites/gen5/dudunsparce.png
=IMAGE(Q1410),980,DUDUNSPARCE,1,Dudunsparce (Three-Segment Form),Three-Segment Form,Normal,,125,100,80,85,75,55,520,dudunsparce-three,https://play.pokemonshowdown.com/sprites/gen5/dudunsparce-three.png
=IMAGE(Q1411),981,KINGAMBIT,0,Kingambit,-,Dark,Steel,100,135,120,60,85,50,550,kingambit,https://play.pokemonshowdown.com/sprites/gen5/kingambit.png
=IMAGE(Q1412),982,GREATTUSK,0,Great Tusk,-,Ground,Fighting,115,131,131,53,53,87,570,greattusk,https://play.pokemonshowdown.com/sprites/gen5/greattusk.png
=IMAGE(Q1413),983,SCREAMTAIL,0,Scream Tail,-,Fairy,Psychic,115,65,99,65,115,111,570,screamtail,https://play.pokemonshowdown.com/sprites/gen5/screamtail.png
=IMAGE(Q1414),984,BRUTEBONNET,0,Brute Bonnet,-,Grass,Dark,111,127,99,79,99,55,570,brutebonnet,https://play.pokemonshowdown.com/sprites/gen5/brutebonnet.png
=IMAGE(Q1415),985,FLUTTERMANE,0,Flutter Mane,-,Ghost,Fairy,55,55,55,135,135,135,570,fluttermane,https://play.pokemonshowdown.com/sprites/gen5/fluttermane.png
=IMAGE(Q1416),986,SLITHERWING,0,Slither Wing,-,Bug,Fighting,85,135,79,85,105,81,570,slitherwing,https://play.pokemonshowdown.com/sprites/gen5/slitherwing.png
=IMAGE(Q1417),987,SANDYSHOCKS,0,Sandy Shocks,-,Electric,Ground,85,81,97,121,85,101,570,sandyshocks,https://play.pokemonshowdown.com/sprites/gen5/sandyshocks.png
=IMAGE(Q1418),988,IRONTREADS,0,Iron Treads,-,Ground,Steel,90,112,120,72,70,106,570,irontreads,https://play.pokemonshowdown.com/sprites/gen5/irontreads.png
=IMAGE(Q1419),989,IRONBUNDLE,0,Iron Bundle,-,Ice,Water,56,80,114,124,60,136,570,ironbundle,https://play.pokemonshowdown.com/sprites/gen5/ironbundle.png
=IMAGE(Q1420),990,IRONHANDS,0,Iron Hands,-,Fighting,Electric,154,140,108,50,68,50,570,ironhands,https://play.pokemonshowdown.com/sprites/gen5/ironhands.png
=IMAGE(Q1421),991,IRONJUGULIS,0,Iron Jugulis,-,Dark,Flying,94,80,86,122,80,108,570,ironjugulis,https://play.pokemonshowdown.com/sprites/gen5/ironjugulis.png
=IMAGE(Q1422),992,IRONMOTH,0,Iron Moth,-,Fire,Poison,80,70,60,140,110,110,570,ironmoth,https://play.pokemonshowdown.com/sprites/gen5/ironmoth.png
=IMAGE(Q1423),993,IRONTHORNS,0,Iron Thorns,-,Rock,Electric,100,134,110,70,84,72,570,ironthorns,https://play.pokemonshowdown.com/sprites/gen5/ironthorns.png
=IMAGE(Q1424),994,FRIGIBAX,0,Frigibax,-,Dragon,Ice,65,75,45,35,45,55,320,frigibax,https://play.pokemonshowdown.com/sprites/gen5/frigibax.png
=IMAGE(Q1425),995,ARCTIBAX,0,Arctibax,-,Dragon,Ice,90,95,66,45,65,62,423,arctibax,https://play.pokemonshowdown.com/sprites/gen5/arctibax.png
=IMAGE(Q1426),996,BAXCALIBUR,0,Baxcalibur,-,Dragon,Ice,115,145,92,75,86,87,600,baxcalibur,https://play.pokemonshowdown.com/sprites/gen5/baxcalibur.png
=IMAGE(Q1427),996,BAXCALIBUR,1,Baxcalibur (Mega Baxcalibur),Mega Baxcalibur,Dragon,Ice,115,175,117,105,101,87,700,baxcalibur-mega,https://play.pokemonshowdown.com/sprites/gen5/baxcalibur-mega.png
=IMAGE(Q1428),997,GIMMIGHOUL,0,Gimmighoul (Chest Form),-,Ghost,,45,30,70,75,70,10,300,gimmighoul,https://play.pokemonshowdown.com/sprites/gen5/gimmighoul.png
=IMAGE(Q1429),997,GIMMIGHOUL,1,Gimmighoul (Roaming Form),Roaming Form,Ghost,,45,30,25,75,45,80,300,gimmighoul-roaming,https://play.pokemonshowdown.com/sprites/gen5/gimmighoul-roaming.png
=IMAGE(Q1430),998,GHOLDENGO,0,Gholdengo,-,Steel,Ghost,87,60,95,133,91,84,550,gholdengo,https://play.pokemonshowdown.com/sprites/gen5/gholdengo.png
=IMAGE(Q1431),999,WOCHIEN,0,Wo-Chien,-,Dark,Grass,85,85,100,95,135,70,570,wochien,https://play.pokemonshowdown.com/sprites/gen5/wochien.png
=IMAGE(Q1432),1000,CHIENPAO,0,Chien-Pao,-,Dark,Ice,80,120,80,90,65,135,570,chienpao,https://play.pokemonshowdown.com/sprites/gen5/chienpao.png
=IMAGE(Q1433),1001,TINGLU,0,Ting-Lu,-,Dark,Ground,155,110,125,55,80,45,570,tinglu,https://play.pokemonshowdown.com/sprites/gen5/tinglu.png
=IMAGE(Q1434),1002,CHIYU,0,Chi-Yu,-,Dark,Fire,55,80,80,135,120,100,570,chiyu,https://play.pokemonshowdown.com/sprites/gen5/chiyu.png
=IMAGE(Q1435),1003,ROARINGMOON,0,Roaring Moon,-,Dragon,Dark,105,139,71,55,101,119,590,roaringmoon,https://play.pokemonshowdown.com/sprites/gen5/roaringmoon.png
=IMAGE(Q1436),1004,IRONVALIANT,0,Iron Valiant,-,Fairy,Fighting,74,130,90,120,60,116,590,ironvaliant,https://play.pokemonshowdown.com/sprites/gen5/ironvaliant.png
=IMAGE(Q1437),1005,KORAIDON,0,Koraidon,-,Fighting,Dragon,100,135,115,85,100,135,670,koraidon,https://play.pokemonshowdown.com/sprites/gen5/koraidon.png
=IMAGE(Q1438),1006,MIRAIDON,0,Miraidon,-,Electric,Dragon,100,85,100,135,115,135,670,miraidon,https://play.pokemonshowdown.com/sprites/gen5/miraidon.png
=IMAGE(Q1439),1007,WALKINGWAKE,0,Walking Wake,-,Water,Dragon,99,83,91,125,83,109,590,walkingwake,https://play.pokemonshowdown.com/sprites/gen5/walkingwake.png
=IMAGE(Q1440),1008,IRONLEAVES,0,Iron Leaves,-,Grass,Psychic,90,130,88,70,108,104,590,ironleaves,https://play.pokemonshowdown.com/sprites/gen5/ironleaves.png
=IMAGE(Q1441),1009,DIPPLIN,0,Dipplin,-,Grass,Dragon,80,80,110,95,80,40,485,dipplin,https://play.pokemonshowdown.com/sprites/gen5/dipplin.png
=IMAGE(Q1442),1010,POLTCHAGEIST,0,Poltchageist (Counterfeit Form),-,Grass,Ghost,40,45,45,74,54,50,308,poltchageist,https://play.pokemonshowdown.com/sprites/gen5/poltchageist.png
=IMAGE(Q1443),1010,POLTCHAGEIST,1,Poltchageist (Artisan Form),Artisan Form,Grass,Ghost,40,45,45,74,54,50,308,poltchageist-artisan,https://play.pokemonshowdown.com/sprites/gen5/poltchageist-artisan.png
=IMAGE(Q1444),1011,SINISTCHA,0,Sinistcha (Unremarkable Form),-,Grass,Ghost,71,60,106,121,80,70,508,sinistcha,https://play.pokemonshowdown.com/sprites/gen5/sinistcha.png
=IMAGE(Q1445),1011,SINISTCHA,1,Sinistcha (Masterpiece Form),Masterpiece Form,Grass,Ghost,71,60,106,121,80,70,508,sinistcha-masterpiece,https://play.pokemonshowdown.com/sprites/gen5/sinistcha-masterpiece.png
=IMAGE(Q1446),1012,OKIDOGI,0,Okidogi,-,Poison,Fighting,88,128,115,58,86,80,555,okidogi,https://play.pokemonshowdown.com/sprites/gen5/okidogi.png
=IMAGE(Q1447),1013,MUNKIDORI,0,Munkidori,-,Poison,Psychic,88,75,66,130,90,106,555,munkidori,https://play.pokemonshowdown.com/sprites/gen5/munkidori.png
=IMAGE(Q1448),1014,FEZANDIPITI,0,Fezandipiti,-,Poison,Fairy,88,91,82,70,125,99,555,fezandipiti,https://play.pokemonshowdown.com/sprites/gen5/fezandipiti.png
=IMAGE(Q1449),1015,OGERPON,0,Ogerpon (Teal Mask),-,Grass,,80,120,84,60,96,110,550,ogerpon,https://play.pokemonshowdown.com/sprites/gen5/ogerpon.png
=IMAGE(Q1450),1015,OGERPON,1,Ogerpon (Wellspring Mask),Wellspring Mask,Grass,Water,80,120,84,60,96,110,550,ogerpon-wellspring,https://play.pokemonshowdown.com/sprites/gen5/ogerpon-wellspring.png
=IMAGE(Q1451),1015,OGERPON,2,Ogerpon (Hearthflame Mask),Hearthflame Mask,Grass,Fire,80,120,84,60,96,110,550,ogerpon-hearthflame,https://play.pokemonshowdown.com/sprites/gen5/ogerpon-hearthflame.png
=IMAGE(Q1452),1015,OGERPON,3,Ogerpon (Cornerstone Mask),Cornerstone Mask,Grass,Rock,80,120,84,60,96,110,550,ogerpon-cornerstone,https://play.pokemonshowdown.com/sprites/gen5/ogerpon-cornerstone.png
=IMAGE(Q1453),1015,OGERPON,4,Ogerpon (Form 4),Form 4,Grass,,80,120,84,60,96,110,550,ogerpon-form4,https://play.pokemonshowdown.com/sprites/gen5/ogerpon-form4.png
=IMAGE(Q1454),1015,OGERPON,5,Ogerpon (Wellspring Mask),Wellspring Mask,Grass,Water,80,120,84,60,96,110,550,ogerpon-wellspring,https://play.pokemonshowdown.com/sprites/gen5/ogerpon-wellspring.png
=IMAGE(Q1455),1015,OGERPON,6,Ogerpon (Hearthflame Mask),Hearthflame Mask,Grass,Fire,80,120,84,60,96,110,550,ogerpon-hearthflame,https://play.pokemonshowdown.com/sprites/gen5/ogerpon-hearthflame.png
=IMAGE(Q1456),1015,OGERPON,7,Ogerpon (Cornerstone Mask),Cornerstone Mask,Grass,Rock,80,120,84,60,96,110,550,ogerpon-cornerstone,https://play.pokemonshowdown.com/sprites/gen5/ogerpon-cornerstone.png
=IMAGE(Q1457),1015,OGERPON,8,Ogerpon (Terastal Teal Mask),Terastal Teal Mask,Grass,,80,120,84,60,96,110,550,ogerpon-terastalteal,https://play.pokemonshowdown.com/sprites/gen5/ogerpon-terastalteal.png
=IMAGE(Q1458),1015,OGERPON,9,Ogerpon (Terastal Wellspring Mask),Terastal Wellspring Mask,Grass,Water,80,120,84,60,96,110,550,ogerpon-terastalwellspring,https://play.pokemonshowdown.com/sprites/gen5/ogerpon-terastalwellspring.png
=IMAGE(Q1459),1015,OGERPON,10,Ogerpon (Terastal Hearthflame Mask),Terastal Hearthflame Mask,Grass,Fire,80,120,84,60,96,110,550,ogerpon-terastalhearthflame,https://play.pokemonshowdown.com/sprites/gen5/ogerpon-terastalhearthflame.png
=IMAGE(Q1460),1015,OGERPON,11,Ogerpon (Terastal Cornerstone Mask),Terastal Cornerstone Mask,Grass,Rock,80,120,84,60,96,110,550,ogerpon-terastalcornerstone,https://play.pokemonshowdown.com/sprites/gen5/ogerpon-terastalcornerstone.png
=IMAGE(Q1461),1016,ARCHALUDON,0,Archaludon,-,Steel,Dragon,90,105,130,125,65,85,600,archaludon,https://play.pokemonshowdown.com/sprites/gen5/archaludon.png
=IMAGE(Q1462),1017,HYDRAPPLE,0,Hydrapple,-,Grass,Dragon,106,80,110,120,80,44,540,hydrapple,https://play.pokemonshowdown.com/sprites/gen5/hydrapple.png
=IMAGE(Q1463),1018,GOUGINGFIRE,0,Gouging Fire,-,Fire,Dragon,105,115,121,65,93,91,590,gougingfire,https://play.pokemonshowdown.com/sprites/gen5/gougingfire.png
=IMAGE(Q1464),1019,RAGINGBOLT,0,Raging Bolt,-,Electric,Dragon,125,73,91,137,89,75,590,ragingbolt,https://play.pokemonshowdown.com/sprites/gen5/ragingbolt.png
=IMAGE(Q1465),1020,IRONBOULDER,0,Iron Boulder,-,Rock,Psychic,90,120,80,68,108,124,590,ironboulder,https://play.pokemonshowdown.com/sprites/gen5/ironboulder.png
=IMAGE(Q1466),1021,IRONCROWN,0,Iron Crown,-,Steel,Psychic,90,72,100,122,108,98,590,ironcrown,https://play.pokemonshowdown.com/sprites/gen5/ironcrown.png
=IMAGE(Q1467),1022,TERAPAGOS,0,Terapagos (Normal Form),-,Normal,,90,65,85,65,85,60,450,terapagos,https://play.pokemonshowdown.com/sprites/gen5/terapagos.png
=IMAGE(Q1468),1022,TERAPAGOS,1,Terapagos (Terastal Form),Terastal Form,Normal,,95,95,110,105,110,85,600,terapagos-terastal,https://play.pokemonshowdown.com/sprites/gen5/terapagos-terastal.png
=IMAGE(Q1469),1022,TERAPAGOS,2,Terapagos (Stellar Form),Stellar Form,Normal,,160,105,110,130,110,85,700,terapagos-stellar,https://play.pokemonshowdown.com/sprites/gen5/terapagos-stellar.png
=IMAGE(Q1470),1023,PECHARUNT,0,Pecharunt,-,Poison,Ghost,88,88,160,88,88,88,600,pecharunt,https://play.pokemonshowdown.com/sprites/gen5/pecharunt.png
